-- --------------------------------------
-- MEGÁLLÓK
-- --------------------------------------
INSERT INTO STATIONS (NAME, PLATFORMS)
VALUES ('Kisvárda-Hármasút', 2);
INSERT INTO STATIONS (NAME, PLATFORMS)
VALUES ('Kisvárda', 2);
INSERT INTO STATIONS (NAME, PLATFORMS)
VALUES ('Ajak', 2);
INSERT INTO STATIONS (NAME, PLATFORMS)
VALUES ('Pátroha', 2);
INSERT INTO STATIONS (NAME, PLATFORMS)
VALUES ('Gégény', 2);
INSERT INTO STATIONS (NAME, PLATFORMS)
VALUES ('Demecser', 2);
INSERT INTO STATIONS (NAME, PLATFORMS)
VALUES ('Kék', 2);
INSERT INTO STATIONS (NAME, PLATFORMS)
VALUES ('Nyírbogdány', 2);
INSERT INTO STATIONS (NAME, PLATFORMS)
VALUES ('Kemecse', 2);
INSERT INTO STATIONS (NAME, PLATFORMS)
VALUES ('Sóstóhegy', 2);
INSERT INTO STATIONS (NAME, PLATFORMS)
VALUES ('Sóstó', 2);
INSERT INTO STATIONS (NAME, PLATFORMS)
VALUES ('Nyíregyháza', 6);
INSERT INTO STATIONS (NAME, PLATFORMS)
VALUES ('Újfehértó', 2);
INSERT INTO STATIONS (NAME, PLATFORMS)
VALUES ('Téglás', 2);
INSERT INTO STATIONS (NAME, PLATFORMS)
VALUES ('Hajdúhadház', 2);
INSERT INTO STATIONS (NAME, PLATFORMS)
VALUES ('Bocskaikert', 2);
INSERT INTO STATIONS (NAME, PLATFORMS)
VALUES ('Apafa', 2);
INSERT INTO STATIONS (NAME, PLATFORMS)
VALUES ('Debrecen-Csapókert', 2);
INSERT INTO STATIONS (NAME, PLATFORMS)
VALUES ('Debrecen', 8);

-- --------------------------------------
-- SZOMSZÉDOK
-- --------------------------------------
INSERT INTO NEIGHBOURS (NEIGHBOUR_ID, DISTANCE, STATIONS_ID)
VALUES (2, 2, 1);
INSERT INTO NEIGHBOURS (NEIGHBOUR_ID, DISTANCE, STATIONS_ID)
VALUES (1, 2, 2);
INSERT INTO NEIGHBOURS (NEIGHBOUR_ID, DISTANCE, STATIONS_ID)
VALUES (3, 4, 2);
INSERT INTO NEIGHBOURS (NEIGHBOUR_ID, DISTANCE, STATIONS_ID)
VALUES (2, 4, 3);
INSERT INTO NEIGHBOURS (NEIGHBOUR_ID, DISTANCE, STATIONS_ID)
VALUES (4, 5, 3);
INSERT INTO NEIGHBOURS (NEIGHBOUR_ID, DISTANCE, STATIONS_ID)
VALUES (3, 5, 4);
INSERT INTO NEIGHBOURS (NEIGHBOUR_ID, DISTANCE, STATIONS_ID)
VALUES (5, 4, 4);
INSERT INTO NEIGHBOURS (NEIGHBOUR_ID, DISTANCE, STATIONS_ID)
VALUES (4, 4, 5);
INSERT INTO NEIGHBOURS (NEIGHBOUR_ID, DISTANCE, STATIONS_ID)
VALUES (6, 3, 5);
INSERT INTO NEIGHBOURS (NEIGHBOUR_ID, DISTANCE, STATIONS_ID)
VALUES (5, 3, 6);
INSERT INTO NEIGHBOURS (NEIGHBOUR_ID, DISTANCE, STATIONS_ID)
VALUES (7, 4, 6);
INSERT INTO NEIGHBOURS (NEIGHBOUR_ID, DISTANCE, STATIONS_ID)
VALUES (6, 4, 7);
INSERT INTO NEIGHBOURS (NEIGHBOUR_ID, DISTANCE, STATIONS_ID)
VALUES (8, 2, 7);
INSERT INTO NEIGHBOURS (NEIGHBOUR_ID, DISTANCE, STATIONS_ID)
VALUES (7, 2, 8);
INSERT INTO NEIGHBOURS (NEIGHBOUR_ID, DISTANCE, STATIONS_ID)
VALUES (9, 5, 8);
INSERT INTO NEIGHBOURS (NEIGHBOUR_ID, DISTANCE, STATIONS_ID)
VALUES (8, 5, 9);
INSERT INTO NEIGHBOURS (NEIGHBOUR_ID, DISTANCE, STATIONS_ID)
VALUES (10, 7, 9);
INSERT INTO NEIGHBOURS (NEIGHBOUR_ID, DISTANCE, STATIONS_ID)
VALUES (9, 7, 10);
INSERT INTO NEIGHBOURS (NEIGHBOUR_ID, DISTANCE, STATIONS_ID)
VALUES (11, 2, 10);
INSERT INTO NEIGHBOURS (NEIGHBOUR_ID, DISTANCE, STATIONS_ID)
VALUES (10, 2, 11);
INSERT INTO NEIGHBOURS (NEIGHBOUR_ID, DISTANCE, STATIONS_ID)
VALUES (12, 7, 11);
INSERT INTO NEIGHBOURS (NEIGHBOUR_ID, DISTANCE, STATIONS_ID)
VALUES (11, 7, 12);
INSERT INTO NEIGHBOURS (NEIGHBOUR_ID, DISTANCE, STATIONS_ID)
VALUES (13, 15, 12);
INSERT INTO NEIGHBOURS (NEIGHBOUR_ID, DISTANCE, STATIONS_ID)
VALUES (12, 15, 13);
INSERT INTO NEIGHBOURS (NEIGHBOUR_ID, DISTANCE, STATIONS_ID)
VALUES (14, 12, 13);
INSERT INTO NEIGHBOURS (NEIGHBOUR_ID, DISTANCE, STATIONS_ID)
VALUES (13, 12, 14);
INSERT INTO NEIGHBOURS (NEIGHBOUR_ID, DISTANCE, STATIONS_ID)
VALUES (15, 3, 14);
INSERT INTO NEIGHBOURS (NEIGHBOUR_ID, DISTANCE, STATIONS_ID)
VALUES (14, 3, 15);
INSERT INTO NEIGHBOURS (NEIGHBOUR_ID, DISTANCE, STATIONS_ID)
VALUES (16, 5, 15);
INSERT INTO NEIGHBOURS (NEIGHBOUR_ID, DISTANCE, STATIONS_ID)
VALUES (15, 5, 16);
INSERT INTO NEIGHBOURS (NEIGHBOUR_ID, DISTANCE, STATIONS_ID)
VALUES (17, 6, 16);
INSERT INTO NEIGHBOURS (NEIGHBOUR_ID, DISTANCE, STATIONS_ID)
VALUES (16, 6, 17);
INSERT INTO NEIGHBOURS (NEIGHBOUR_ID, DISTANCE, STATIONS_ID)
VALUES (18, 5, 17);
INSERT INTO NEIGHBOURS (NEIGHBOUR_ID, DISTANCE, STATIONS_ID)
VALUES (17, 5, 18);
INSERT INTO NEIGHBOURS (NEIGHBOUR_ID, DISTANCE, STATIONS_ID)
VALUES (19, 3, 18);
INSERT INTO NEIGHBOURS (NEIGHBOUR_ID, DISTANCE, STATIONS_ID)
VALUES (18, 3, 19);

-- --------------------------------------
-- ÚTVONALAK
-- --------------------------------------
INSERT INTO ROUTES
VALUES (NULL);
INSERT INTO ROUTES
VALUES (NULL);
INSERT INTO ROUTES
VALUES (NULL);
INSERT INTO ROUTES
VALUES (NULL);
INSERT INTO ROUTES
VALUES (NULL);
INSERT INTO ROUTES
VALUES (NULL);
INSERT INTO ROUTES
VALUES (NULL);
INSERT INTO ROUTES
VALUES (NULL);

-- --------------------------------------
-- ÚTVONALAK ÉS MEGÁLLÓK KAPCSOLATA
-- --------------------------------------
INSERT INTO ROUTE_STATIONS_CONNECTION (PLATFORM, EXPLETIVE_TICKET, ROUTES_ID, STATIONS_ID, STATION_INDEX_IN_ROUTE, TYPE_OF_TRAINS_STOPS)
VALUES (1, 0, 1, 1, 1, 'IC,SEBES');
INSERT INTO ROUTE_STATIONS_CONNECTION (PLATFORM, EXPLETIVE_TICKET, ROUTES_ID, STATIONS_ID, STATION_INDEX_IN_ROUTE, TYPE_OF_TRAINS_STOPS)
VALUES (1, 0, 1, 2, 2, 'IC,SEBES');
INSERT INTO ROUTE_STATIONS_CONNECTION (PLATFORM, EXPLETIVE_TICKET, ROUTES_ID, STATIONS_ID, STATION_INDEX_IN_ROUTE, TYPE_OF_TRAINS_STOPS)
VALUES (1, 0, 1, 3, 3, 'IC,SEBES');

INSERT INTO ROUTE_STATIONS_CONNECTION (PLATFORM, EXPLETIVE_TICKET, ROUTES_ID, STATIONS_ID, STATION_INDEX_IN_ROUTE, TYPE_OF_TRAINS_STOPS)
VALUES (2, 0, 2, 2, 1, 'IC,SEBES');
INSERT INTO ROUTE_STATIONS_CONNECTION (PLATFORM, EXPLETIVE_TICKET, ROUTES_ID, STATIONS_ID, STATION_INDEX_IN_ROUTE, TYPE_OF_TRAINS_STOPS)
VALUES (2, 0, 2, 3, 2, 'IC,SEBES');

INSERT INTO ROUTE_STATIONS_CONNECTION (PLATFORM, EXPLETIVE_TICKET, ROUTES_ID, STATIONS_ID, STATION_INDEX_IN_ROUTE, TYPE_OF_TRAINS_STOPS)
VALUES (2, 0, 3, 3, 1, 'IC,SEBES');
INSERT INTO ROUTE_STATIONS_CONNECTION (PLATFORM, EXPLETIVE_TICKET, ROUTES_ID, STATIONS_ID, STATION_INDEX_IN_ROUTE, TYPE_OF_TRAINS_STOPS)
VALUES (2, 0, 3, 2, 2, 'IC,SEBES');
INSERT INTO ROUTE_STATIONS_CONNECTION (PLATFORM, EXPLETIVE_TICKET, ROUTES_ID, STATIONS_ID, STATION_INDEX_IN_ROUTE, TYPE_OF_TRAINS_STOPS)
VALUES (2, 0, 3, 1, 3, 'IC,SEBES');

INSERT INTO ROUTE_STATIONS_CONNECTION (PLATFORM, EXPLETIVE_TICKET, ROUTES_ID, STATIONS_ID, STATION_INDEX_IN_ROUTE, TYPE_OF_TRAINS_STOPS)
VALUES (2, 0, 4, 3, 1, 'IC,SEBES');
INSERT INTO ROUTE_STATIONS_CONNECTION (PLATFORM, EXPLETIVE_TICKET, ROUTES_ID, STATIONS_ID, STATION_INDEX_IN_ROUTE, TYPE_OF_TRAINS_STOPS)
VALUES (2, 0, 4, 2, 2, 'IC,SEBES');

INSERT INTO ROUTE_STATIONS_CONNECTION (PLATFORM, EXPLETIVE_TICKET, ROUTES_ID, STATIONS_ID, STATION_INDEX_IN_ROUTE, TYPE_OF_TRAINS_STOPS)
VALUES (2, 0, 5, 1, 1, 'IC,SEBES');
INSERT INTO ROUTE_STATIONS_CONNECTION (PLATFORM, EXPLETIVE_TICKET, ROUTES_ID, STATIONS_ID, STATION_INDEX_IN_ROUTE, TYPE_OF_TRAINS_STOPS)
VALUES (2, 0, 5, 2, 2, 'IC,SEBES');
INSERT INTO ROUTE_STATIONS_CONNECTION (PLATFORM, EXPLETIVE_TICKET, ROUTES_ID, STATIONS_ID, STATION_INDEX_IN_ROUTE, TYPE_OF_TRAINS_STOPS)
VALUES (2, 0, 5, 3, 3, 'IC,SEBES');
INSERT INTO ROUTE_STATIONS_CONNECTION (PLATFORM, EXPLETIVE_TICKET, ROUTES_ID, STATIONS_ID, STATION_INDEX_IN_ROUTE, TYPE_OF_TRAINS_STOPS)
VALUES (2, 0, 5, 4, 4, 'IC,SEBES');
INSERT INTO ROUTE_STATIONS_CONNECTION (PLATFORM, EXPLETIVE_TICKET, ROUTES_ID, STATIONS_ID, STATION_INDEX_IN_ROUTE, TYPE_OF_TRAINS_STOPS)
VALUES (2, 0, 5, 5, 5, 'IC,SEBES');
INSERT INTO ROUTE_STATIONS_CONNECTION (PLATFORM, EXPLETIVE_TICKET, ROUTES_ID, STATIONS_ID, STATION_INDEX_IN_ROUTE, TYPE_OF_TRAINS_STOPS)
VALUES (2, 0, 5, 6, 6, 'IC,SEBES');
INSERT INTO ROUTE_STATIONS_CONNECTION (PLATFORM, EXPLETIVE_TICKET, ROUTES_ID, STATIONS_ID, STATION_INDEX_IN_ROUTE, TYPE_OF_TRAINS_STOPS)
VALUES (2, 0, 5, 7, 7, 'IC,SEBES');
INSERT INTO ROUTE_STATIONS_CONNECTION (PLATFORM, EXPLETIVE_TICKET, ROUTES_ID, STATIONS_ID, STATION_INDEX_IN_ROUTE, TYPE_OF_TRAINS_STOPS)
VALUES (2, 0, 5, 8, 8, 'IC,SEBES');
INSERT INTO ROUTE_STATIONS_CONNECTION (PLATFORM, EXPLETIVE_TICKET, ROUTES_ID, STATIONS_ID, STATION_INDEX_IN_ROUTE, TYPE_OF_TRAINS_STOPS)
VALUES (2, 0, 5, 9, 9, 'IC,SEBES');
INSERT INTO ROUTE_STATIONS_CONNECTION (PLATFORM, EXPLETIVE_TICKET, ROUTES_ID, STATIONS_ID, STATION_INDEX_IN_ROUTE, TYPE_OF_TRAINS_STOPS)
VALUES (2, 0, 5, 10, 10, 'IC,SEBES');
INSERT INTO ROUTE_STATIONS_CONNECTION (PLATFORM, EXPLETIVE_TICKET, ROUTES_ID, STATIONS_ID, STATION_INDEX_IN_ROUTE, TYPE_OF_TRAINS_STOPS)
VALUES (2, 0, 5, 11, 11, 'IC,SEBES');
INSERT INTO ROUTE_STATIONS_CONNECTION (PLATFORM, EXPLETIVE_TICKET, ROUTES_ID, STATIONS_ID, STATION_INDEX_IN_ROUTE, TYPE_OF_TRAINS_STOPS)
VALUES (2, 0, 5, 12, 12, 'IC,SEBES');

INSERT INTO ROUTE_STATIONS_CONNECTION (PLATFORM, EXPLETIVE_TICKET, ROUTES_ID, STATIONS_ID, STATION_INDEX_IN_ROUTE, TYPE_OF_TRAINS_STOPS)
VALUES (2, 0, 6, 12, 1, 'IC,SEBES');
INSERT INTO ROUTE_STATIONS_CONNECTION (PLATFORM, EXPLETIVE_TICKET, ROUTES_ID, STATIONS_ID, STATION_INDEX_IN_ROUTE, TYPE_OF_TRAINS_STOPS)
VALUES (2, 0, 6, 13, 2, 'IC,SEBES');
INSERT INTO ROUTE_STATIONS_CONNECTION (PLATFORM, EXPLETIVE_TICKET, ROUTES_ID, STATIONS_ID, STATION_INDEX_IN_ROUTE, TYPE_OF_TRAINS_STOPS)
VALUES (2, 0, 6, 14, 3, 'IC,SEBES');
INSERT INTO ROUTE_STATIONS_CONNECTION (PLATFORM, EXPLETIVE_TICKET, ROUTES_ID, STATIONS_ID, STATION_INDEX_IN_ROUTE, TYPE_OF_TRAINS_STOPS)
VALUES (2, 0, 6, 15, 4, 'IC,SEBES');
INSERT INTO ROUTE_STATIONS_CONNECTION (PLATFORM, EXPLETIVE_TICKET, ROUTES_ID, STATIONS_ID, STATION_INDEX_IN_ROUTE, TYPE_OF_TRAINS_STOPS)
VALUES (2, 0, 6, 16, 5, 'IC,SEBES');
INSERT INTO ROUTE_STATIONS_CONNECTION (PLATFORM, EXPLETIVE_TICKET, ROUTES_ID, STATIONS_ID, STATION_INDEX_IN_ROUTE, TYPE_OF_TRAINS_STOPS)
VALUES (2, 0, 6, 17, 6, 'IC,SEBES');
INSERT INTO ROUTE_STATIONS_CONNECTION (PLATFORM, EXPLETIVE_TICKET, ROUTES_ID, STATIONS_ID, STATION_INDEX_IN_ROUTE, TYPE_OF_TRAINS_STOPS)
VALUES (2, 0, 6, 18, 7, 'IC,SEBES');
INSERT INTO ROUTE_STATIONS_CONNECTION (PLATFORM, EXPLETIVE_TICKET, ROUTES_ID, STATIONS_ID, STATION_INDEX_IN_ROUTE, TYPE_OF_TRAINS_STOPS)
VALUES (2, 0, 6, 19, 8, 'IC,SEBES');

-- --------------------------------------
-- VONATOK
-- --------------------------------------
INSERT INTO TRAINS (TYPE, SPEED, STATUS)
VALUES ('IC', 80, 'OK');
INSERT INTO TRAINS (TYPE, SPEED, STATUS)
VALUES ('SEBES', 60, 'OK');
INSERT INTO TRAINS (TYPE, SPEED, STATUS)
VALUES ('SEBES', 60, 'OK');
INSERT INTO TRAINS (TYPE, SPEED, STATUS)
VALUES ('IC', 80, 'OK');
INSERT INTO TRAINS (TYPE, SPEED, STATUS)
VALUES ('SEBES', 60, 'OK');
INSERT INTO TRAINS (TYPE, SPEED, STATUS)
VALUES ('SEBES', 60, 'OK');

-- --------------------------------------
-- VAGONOK
-- --------------------------------------
INSERT INTO WAGONS (ID, SEATS_NUMBER, CLASS, SERVICES, STATUS, TRAINS_ID)
VALUES ('vagon1', 20, 1, '1,2,4', 'OK', 1);
INSERT INTO WAGONS (ID, SEATS_NUMBER, CLASS, SERVICES, STATUS, TRAINS_ID)
VALUES ('vagon2', 20, 1, '1,5,6,7', 'OK', 1);
INSERT INTO WAGONS (ID, SEATS_NUMBER, CLASS, SERVICES, STATUS, TRAINS_ID)
VALUES ('vagon3', 20, 1, '1', 'OK', 1);

INSERT INTO WAGONS (ID, SEATS_NUMBER, CLASS, SERVICES, STATUS, TRAINS_ID)
VALUES ('vagon4', 20, 2, '2,3', 'OK', 2);
INSERT INTO WAGONS (ID, SEATS_NUMBER, CLASS, SERVICES, STATUS, TRAINS_ID)
VALUES ('vagon5', 20, 2, '1,2,7,8', 'OK', 2);
INSERT INTO WAGONS (ID, SEATS_NUMBER, CLASS, SERVICES, STATUS, TRAINS_ID)
VALUES ('vagon6', 20, 1, '1,2,3,4,5,6,7,8', 'OK', 2);

INSERT INTO WAGONS (ID, SEATS_NUMBER, CLASS, SERVICES, STATUS, TRAINS_ID)
VALUES ('vagon7', 20, 1, '1,2,3,4', 'OK', 3);
INSERT INTO WAGONS (ID, SEATS_NUMBER, CLASS, SERVICES, STATUS, TRAINS_ID)
VALUES ('vagon8', 20, 2, '3', 'OK', 3);

INSERT INTO WAGONS (ID, SEATS_NUMBER, CLASS, SERVICES, STATUS, TRAINS_ID)
VALUES ('vagon9', 20, 2, '2', 'OK', 4);
INSERT INTO WAGONS (ID, SEATS_NUMBER, CLASS, SERVICES, STATUS, TRAINS_ID)
VALUES ('vagon10', 20, 2, '1,2', 'OK', 4);

INSERT INTO WAGONS (ID, SEATS_NUMBER, CLASS, SERVICES, STATUS, TRAINS_ID)
VALUES ('vagon11', 20, 1, '1,2,5,6', 'OK', 5);
INSERT INTO WAGONS (ID, SEATS_NUMBER, CLASS, SERVICES, STATUS, TRAINS_ID)
VALUES ('vagon12', 20, 1, '1,2,3', 'OK', 5);
INSERT INTO WAGONS (ID, SEATS_NUMBER, CLASS, SERVICES, STATUS, TRAINS_ID)
VALUES ('vagon13', 20, 2, '1,2', 'OK', 5);
INSERT INTO WAGONS (ID, SEATS_NUMBER, CLASS, SERVICES, STATUS, TRAINS_ID)
VALUES ('vagon14', 20, 2, '1,2,4', 'OK', 5);

INSERT INTO WAGONS (ID, SEATS_NUMBER, CLASS, SERVICES, STATUS, TRAINS_ID)
VALUES ('vagon15', 20, 2, '2', 'OK', 6);
INSERT INTO WAGONS (ID, SEATS_NUMBER, CLASS, SERVICES, STATUS, TRAINS_ID)
VALUES ('vagon16', 20, 2, '2', 'OK', 6);
INSERT INTO WAGONS (ID, SEATS_NUMBER, CLASS, SERVICES, STATUS, TRAINS_ID)
VALUES ('vagon17', 20, 2, '2', 'OK', 6);

-- --------------------------------------
-- ÜLŐHELYEK
-- --------------------------------------
INSERT INTO SEATS (RESERVED, NUMBER)
VALUES (0, 1);
INSERT INTO SEATS (RESERVED, NUMBER)
VALUES (0, 2);
INSERT INTO SEATS (RESERVED, NUMBER)
VALUES (0, 3);
INSERT INTO SEATS (RESERVED, NUMBER)
VALUES (0, 4);
INSERT INTO SEATS (RESERVED, NUMBER)
VALUES (0, 5);
INSERT INTO SEATS (RESERVED, NUMBER)
VALUES (0, 6);
INSERT INTO SEATS (RESERVED, NUMBER)
VALUES (0, 7);
INSERT INTO SEATS (RESERVED, NUMBER)
VALUES (0, 8);
INSERT INTO SEATS (RESERVED, NUMBER)
VALUES (0, 9);
INSERT INTO SEATS (RESERVED, NUMBER)
VALUES (0, 10);
INSERT INTO SEATS (RESERVED, NUMBER)
VALUES (0, 11);
INSERT INTO SEATS (RESERVED, NUMBER)
VALUES (0, 12);
INSERT INTO SEATS (RESERVED, NUMBER)
VALUES (0, 13);
INSERT INTO SEATS (RESERVED, NUMBER)
VALUES (0, 14);
INSERT INTO SEATS (RESERVED, NUMBER)
VALUES (0, 15);
INSERT INTO SEATS (RESERVED, NUMBER)
VALUES (0, 16);
INSERT INTO SEATS (RESERVED, NUMBER)
VALUES (0, 17);
INSERT INTO SEATS (RESERVED, NUMBER)
VALUES (0, 18);
INSERT INTO SEATS (RESERVED, NUMBER)
VALUES (0, 19);
INSERT INTO SEATS (RESERVED, NUMBER)
VALUES (0, 20);

INSERT INTO SEATS (RESERVED, NUMBER)
VALUES (0, 1);
INSERT INTO SEATS (RESERVED, NUMBER)
VALUES (0, 2);
INSERT INTO SEATS (RESERVED, NUMBER)
VALUES (0, 3);
INSERT INTO SEATS (RESERVED, NUMBER)
VALUES (0, 4);
INSERT INTO SEATS (RESERVED, NUMBER)
VALUES (0, 5);
INSERT INTO SEATS (RESERVED, NUMBER)
VALUES (0, 6);
INSERT INTO SEATS (RESERVED, NUMBER)
VALUES (0, 7);
INSERT INTO SEATS (RESERVED, NUMBER)
VALUES (0, 8);
INSERT INTO SEATS (RESERVED, NUMBER)
VALUES (0, 9);
INSERT INTO SEATS (RESERVED, NUMBER)
VALUES (0, 10);
INSERT INTO SEATS (RESERVED, NUMBER)
VALUES (0, 11);
INSERT INTO SEATS (RESERVED, NUMBER)
VALUES (0, 12);
INSERT INTO SEATS (RESERVED, NUMBER)
VALUES (0, 13);
INSERT INTO SEATS (RESERVED, NUMBER)
VALUES (0, 14);
INSERT INTO SEATS (RESERVED, NUMBER)
VALUES (0, 15);
INSERT INTO SEATS (RESERVED, NUMBER)
VALUES (0, 16);
INSERT INTO SEATS (RESERVED, NUMBER)
VALUES (0, 17);
INSERT INTO SEATS (RESERVED, NUMBER)
VALUES (0, 18);
INSERT INTO SEATS (RESERVED, NUMBER)
VALUES (0, 19);
INSERT INTO SEATS (RESERVED, NUMBER)
VALUES (0, 20);

INSERT INTO SEATS (RESERVED, NUMBER)
VALUES (0, 1);
INSERT INTO SEATS (RESERVED, NUMBER)
VALUES (0, 2);
INSERT INTO SEATS (RESERVED, NUMBER)
VALUES (0, 3);
INSERT INTO SEATS (RESERVED, NUMBER)
VALUES (0, 4);
INSERT INTO SEATS (RESERVED, NUMBER)
VALUES (0, 5);
INSERT INTO SEATS (RESERVED, NUMBER)
VALUES (0, 6);
INSERT INTO SEATS (RESERVED, NUMBER)
VALUES (0, 7);
INSERT INTO SEATS (RESERVED, NUMBER)
VALUES (0, 8);
INSERT INTO SEATS (RESERVED, NUMBER)
VALUES (0, 9);
INSERT INTO SEATS (RESERVED, NUMBER)
VALUES (0, 10);
INSERT INTO SEATS (RESERVED, NUMBER)
VALUES (0, 11);
INSERT INTO SEATS (RESERVED, NUMBER)
VALUES (0, 12);
INSERT INTO SEATS (RESERVED, NUMBER)
VALUES (0, 13);
INSERT INTO SEATS (RESERVED, NUMBER)
VALUES (0, 14);
INSERT INTO SEATS (RESERVED, NUMBER)
VALUES (0, 15);
INSERT INTO SEATS (RESERVED, NUMBER)
VALUES (0, 16);
INSERT INTO SEATS (RESERVED, NUMBER)
VALUES (0, 17);
INSERT INTO SEATS (RESERVED, NUMBER)
VALUES (0, 18);
INSERT INTO SEATS (RESERVED, NUMBER)
VALUES (0, 19);
INSERT INTO SEATS (RESERVED, NUMBER)
VALUES (0, 20);

INSERT INTO SEATS (RESERVED, NUMBER)
VALUES (0, 1);
INSERT INTO SEATS (RESERVED, NUMBER)
VALUES (0, 2);
INSERT INTO SEATS (RESERVED, NUMBER)
VALUES (0, 3);
INSERT INTO SEATS (RESERVED, NUMBER)
VALUES (0, 4);
INSERT INTO SEATS (RESERVED, NUMBER)
VALUES (0, 5);
INSERT INTO SEATS (RESERVED, NUMBER)
VALUES (0, 6);
INSERT INTO SEATS (RESERVED, NUMBER)
VALUES (0, 7);
INSERT INTO SEATS (RESERVED, NUMBER)
VALUES (0, 8);
INSERT INTO SEATS (RESERVED, NUMBER)
VALUES (0, 9);
INSERT INTO SEATS (RESERVED, NUMBER)
VALUES (0, 10);
INSERT INTO SEATS (RESERVED, NUMBER)
VALUES (0, 11);
INSERT INTO SEATS (RESERVED, NUMBER)
VALUES (0, 12);
INSERT INTO SEATS (RESERVED, NUMBER)
VALUES (0, 13);
INSERT INTO SEATS (RESERVED, NUMBER)
VALUES (0, 14);
INSERT INTO SEATS (RESERVED, NUMBER)
VALUES (0, 15);
INSERT INTO SEATS (RESERVED, NUMBER)
VALUES (0, 16);
INSERT INTO SEATS (RESERVED, NUMBER)
VALUES (0, 17);
INSERT INTO SEATS (RESERVED, NUMBER)
VALUES (0, 18);
INSERT INTO SEATS (RESERVED, NUMBER)
VALUES (0, 19);
INSERT INTO SEATS (RESERVED, NUMBER)
VALUES (0, 20);

INSERT INTO SEATS (RESERVED, NUMBER)
VALUES (0, 1);
INSERT INTO SEATS (RESERVED, NUMBER)
VALUES (0, 2);
INSERT INTO SEATS (RESERVED, NUMBER)
VALUES (0, 3);
INSERT INTO SEATS (RESERVED, NUMBER)
VALUES (0, 4);
INSERT INTO SEATS (RESERVED, NUMBER)
VALUES (0, 5);
INSERT INTO SEATS (RESERVED, NUMBER)
VALUES (0, 6);
INSERT INTO SEATS (RESERVED, NUMBER)
VALUES (0, 7);
INSERT INTO SEATS (RESERVED, NUMBER)
VALUES (0, 8);
INSERT INTO SEATS (RESERVED, NUMBER)
VALUES (0, 9);
INSERT INTO SEATS (RESERVED, NUMBER)
VALUES (0, 10);
INSERT INTO SEATS (RESERVED, NUMBER)
VALUES (0, 11);
INSERT INTO SEATS (RESERVED, NUMBER)
VALUES (0, 12);
INSERT INTO SEATS (RESERVED, NUMBER)
VALUES (0, 13);
INSERT INTO SEATS (RESERVED, NUMBER)
VALUES (0, 14);
INSERT INTO SEATS (RESERVED, NUMBER)
VALUES (0, 15);
INSERT INTO SEATS (RESERVED, NUMBER)
VALUES (0, 16);
INSERT INTO SEATS (RESERVED, NUMBER)
VALUES (0, 17);
INSERT INTO SEATS (RESERVED, NUMBER)
VALUES (0, 18);
INSERT INTO SEATS (RESERVED, NUMBER)
VALUES (0, 19);
INSERT INTO SEATS (RESERVED, NUMBER)
VALUES (0, 20);

INSERT INTO SEATS (RESERVED, NUMBER)
VALUES (0, 1);
INSERT INTO SEATS (RESERVED, NUMBER)
VALUES (0, 2);
INSERT INTO SEATS (RESERVED, NUMBER)
VALUES (0, 3);
INSERT INTO SEATS (RESERVED, NUMBER)
VALUES (0, 4);
INSERT INTO SEATS (RESERVED, NUMBER)
VALUES (0, 5);
INSERT INTO SEATS (RESERVED, NUMBER)
VALUES (0, 6);
INSERT INTO SEATS (RESERVED, NUMBER)
VALUES (0, 7);
INSERT INTO SEATS (RESERVED, NUMBER)
VALUES (0, 8);
INSERT INTO SEATS (RESERVED, NUMBER)
VALUES (0, 9);
INSERT INTO SEATS (RESERVED, NUMBER)
VALUES (0, 10);
INSERT INTO SEATS (RESERVED, NUMBER)
VALUES (0, 11);
INSERT INTO SEATS (RESERVED, NUMBER)
VALUES (0, 12);
INSERT INTO SEATS (RESERVED, NUMBER)
VALUES (0, 13);
INSERT INTO SEATS (RESERVED, NUMBER)
VALUES (0, 14);
INSERT INTO SEATS (RESERVED, NUMBER)
VALUES (0, 15);
INSERT INTO SEATS (RESERVED, NUMBER)
VALUES (0, 16);
INSERT INTO SEATS (RESERVED, NUMBER)
VALUES (0, 17);
INSERT INTO SEATS (RESERVED, NUMBER)
VALUES (0, 18);
INSERT INTO SEATS (RESERVED, NUMBER)
VALUES (0, 19);
INSERT INTO SEATS (RESERVED, NUMBER)
VALUES (0, 20);

INSERT INTO SEATS (RESERVED, NUMBER)
VALUES (0, 1);
INSERT INTO SEATS (RESERVED, NUMBER)
VALUES (0, 2);
INSERT INTO SEATS (RESERVED, NUMBER)
VALUES (0, 3);
INSERT INTO SEATS (RESERVED, NUMBER)
VALUES (0, 4);
INSERT INTO SEATS (RESERVED, NUMBER)
VALUES (0, 5);
INSERT INTO SEATS (RESERVED, NUMBER)
VALUES (0, 6);
INSERT INTO SEATS (RESERVED, NUMBER)
VALUES (0, 7);
INSERT INTO SEATS (RESERVED, NUMBER)
VALUES (0, 8);
INSERT INTO SEATS (RESERVED, NUMBER)
VALUES (0, 9);
INSERT INTO SEATS (RESERVED, NUMBER)
VALUES (0, 10);
INSERT INTO SEATS (RESERVED, NUMBER)
VALUES (0, 11);
INSERT INTO SEATS (RESERVED, NUMBER)
VALUES (0, 12);
INSERT INTO SEATS (RESERVED, NUMBER)
VALUES (0, 13);
INSERT INTO SEATS (RESERVED, NUMBER)
VALUES (0, 14);
INSERT INTO SEATS (RESERVED, NUMBER)
VALUES (0, 15);
INSERT INTO SEATS (RESERVED, NUMBER)
VALUES (0, 16);
INSERT INTO SEATS (RESERVED, NUMBER)
VALUES (0, 17);
INSERT INTO SEATS (RESERVED, NUMBER)
VALUES (0, 18);
INSERT INTO SEATS (RESERVED, NUMBER)
VALUES (0, 19);
INSERT INTO SEATS (RESERVED, NUMBER)
VALUES (0, 20);

INSERT INTO SEATS (RESERVED, NUMBER)
VALUES (0, 1);
INSERT INTO SEATS (RESERVED, NUMBER)
VALUES (0, 2);
INSERT INTO SEATS (RESERVED, NUMBER)
VALUES (0, 3);
INSERT INTO SEATS (RESERVED, NUMBER)
VALUES (0, 4);
INSERT INTO SEATS (RESERVED, NUMBER)
VALUES (0, 5);
INSERT INTO SEATS (RESERVED, NUMBER)
VALUES (0, 6);
INSERT INTO SEATS (RESERVED, NUMBER)
VALUES (0, 7);
INSERT INTO SEATS (RESERVED, NUMBER)
VALUES (0, 8);
INSERT INTO SEATS (RESERVED, NUMBER)
VALUES (0, 9);
INSERT INTO SEATS (RESERVED, NUMBER)
VALUES (0, 10);
INSERT INTO SEATS (RESERVED, NUMBER)
VALUES (0, 11);
INSERT INTO SEATS (RESERVED, NUMBER)
VALUES (0, 12);
INSERT INTO SEATS (RESERVED, NUMBER)
VALUES (0, 13);
INSERT INTO SEATS (RESERVED, NUMBER)
VALUES (0, 14);
INSERT INTO SEATS (RESERVED, NUMBER)
VALUES (0, 15);
INSERT INTO SEATS (RESERVED, NUMBER)
VALUES (0, 16);
INSERT INTO SEATS (RESERVED, NUMBER)
VALUES (0, 17);
INSERT INTO SEATS (RESERVED, NUMBER)
VALUES (0, 18);
INSERT INTO SEATS (RESERVED, NUMBER)
VALUES (0, 19);
INSERT INTO SEATS (RESERVED, NUMBER)
VALUES (0, 20);

INSERT INTO SEATS (RESERVED, NUMBER)
VALUES (0, 1);
INSERT INTO SEATS (RESERVED, NUMBER)
VALUES (0, 2);
INSERT INTO SEATS (RESERVED, NUMBER)
VALUES (0, 3);
INSERT INTO SEATS (RESERVED, NUMBER)
VALUES (0, 4);
INSERT INTO SEATS (RESERVED, NUMBER)
VALUES (0, 5);
INSERT INTO SEATS (RESERVED, NUMBER)
VALUES (0, 6);
INSERT INTO SEATS (RESERVED, NUMBER)
VALUES (0, 7);
INSERT INTO SEATS (RESERVED, NUMBER)
VALUES (0, 8);
INSERT INTO SEATS (RESERVED, NUMBER)
VALUES (0, 9);
INSERT INTO SEATS (RESERVED, NUMBER)
VALUES (0, 10);
INSERT INTO SEATS (RESERVED, NUMBER)
VALUES (0, 11);
INSERT INTO SEATS (RESERVED, NUMBER)
VALUES (0, 12);
INSERT INTO SEATS (RESERVED, NUMBER)
VALUES (0, 13);
INSERT INTO SEATS (RESERVED, NUMBER)
VALUES (0, 14);
INSERT INTO SEATS (RESERVED, NUMBER)
VALUES (0, 15);
INSERT INTO SEATS (RESERVED, NUMBER)
VALUES (0, 16);
INSERT INTO SEATS (RESERVED, NUMBER)
VALUES (0, 17);
INSERT INTO SEATS (RESERVED, NUMBER)
VALUES (0, 18);
INSERT INTO SEATS (RESERVED, NUMBER)
VALUES (0, 19);
INSERT INTO SEATS (RESERVED, NUMBER)
VALUES (0, 20);

INSERT INTO SEATS (RESERVED, NUMBER)
VALUES (0, 1);
INSERT INTO SEATS (RESERVED, NUMBER)
VALUES (0, 2);
INSERT INTO SEATS (RESERVED, NUMBER)
VALUES (0, 3);
INSERT INTO SEATS (RESERVED, NUMBER)
VALUES (0, 4);
INSERT INTO SEATS (RESERVED, NUMBER)
VALUES (0, 5);
INSERT INTO SEATS (RESERVED, NUMBER)
VALUES (0, 6);
INSERT INTO SEATS (RESERVED, NUMBER)
VALUES (0, 7);
INSERT INTO SEATS (RESERVED, NUMBER)
VALUES (0, 8);
INSERT INTO SEATS (RESERVED, NUMBER)
VALUES (0, 9);
INSERT INTO SEATS (RESERVED, NUMBER)
VALUES (0, 10);
INSERT INTO SEATS (RESERVED, NUMBER)
VALUES (0, 11);
INSERT INTO SEATS (RESERVED, NUMBER)
VALUES (0, 12);
INSERT INTO SEATS (RESERVED, NUMBER)
VALUES (0, 13);
INSERT INTO SEATS (RESERVED, NUMBER)
VALUES (0, 14);
INSERT INTO SEATS (RESERVED, NUMBER)
VALUES (0, 15);
INSERT INTO SEATS (RESERVED, NUMBER)
VALUES (0, 16);
INSERT INTO SEATS (RESERVED, NUMBER)
VALUES (0, 17);
INSERT INTO SEATS (RESERVED, NUMBER)
VALUES (0, 18);
INSERT INTO SEATS (RESERVED, NUMBER)
VALUES (0, 19);
INSERT INTO SEATS (RESERVED, NUMBER)
VALUES (0, 20);

INSERT INTO SEATS (RESERVED, NUMBER)
VALUES (0, 1);
INSERT INTO SEATS (RESERVED, NUMBER)
VALUES (0, 2);
INSERT INTO SEATS (RESERVED, NUMBER)
VALUES (0, 3);
INSERT INTO SEATS (RESERVED, NUMBER)
VALUES (0, 4);
INSERT INTO SEATS (RESERVED, NUMBER)
VALUES (0, 5);
INSERT INTO SEATS (RESERVED, NUMBER)
VALUES (0, 6);
INSERT INTO SEATS (RESERVED, NUMBER)
VALUES (0, 7);
INSERT INTO SEATS (RESERVED, NUMBER)
VALUES (0, 8);
INSERT INTO SEATS (RESERVED, NUMBER)
VALUES (0, 9);
INSERT INTO SEATS (RESERVED, NUMBER)
VALUES (0, 10);
INSERT INTO SEATS (RESERVED, NUMBER)
VALUES (0, 11);
INSERT INTO SEATS (RESERVED, NUMBER)
VALUES (0, 12);
INSERT INTO SEATS (RESERVED, NUMBER)
VALUES (0, 13);
INSERT INTO SEATS (RESERVED, NUMBER)
VALUES (0, 14);
INSERT INTO SEATS (RESERVED, NUMBER)
VALUES (0, 15);
INSERT INTO SEATS (RESERVED, NUMBER)
VALUES (0, 16);
INSERT INTO SEATS (RESERVED, NUMBER)
VALUES (0, 17);
INSERT INTO SEATS (RESERVED, NUMBER)
VALUES (0, 18);
INSERT INTO SEATS (RESERVED, NUMBER)
VALUES (0, 19);
INSERT INTO SEATS (RESERVED, NUMBER)
VALUES (0, 20);

INSERT INTO SEATS (RESERVED, NUMBER)
VALUES (0, 1);
INSERT INTO SEATS (RESERVED, NUMBER)
VALUES (0, 2);
INSERT INTO SEATS (RESERVED, NUMBER)
VALUES (0, 3);
INSERT INTO SEATS (RESERVED, NUMBER)
VALUES (0, 4);
INSERT INTO SEATS (RESERVED, NUMBER)
VALUES (0, 5);
INSERT INTO SEATS (RESERVED, NUMBER)
VALUES (0, 6);
INSERT INTO SEATS (RESERVED, NUMBER)
VALUES (0, 7);
INSERT INTO SEATS (RESERVED, NUMBER)
VALUES (0, 8);
INSERT INTO SEATS (RESERVED, NUMBER)
VALUES (0, 9);
INSERT INTO SEATS (RESERVED, NUMBER)
VALUES (0, 10);
INSERT INTO SEATS (RESERVED, NUMBER)
VALUES (0, 11);
INSERT INTO SEATS (RESERVED, NUMBER)
VALUES (0, 12);
INSERT INTO SEATS (RESERVED, NUMBER)
VALUES (0, 13);
INSERT INTO SEATS (RESERVED, NUMBER)
VALUES (0, 14);
INSERT INTO SEATS (RESERVED, NUMBER)
VALUES (0, 15);
INSERT INTO SEATS (RESERVED, NUMBER)
VALUES (0, 16);
INSERT INTO SEATS (RESERVED, NUMBER)
VALUES (0, 17);
INSERT INTO SEATS (RESERVED, NUMBER)
VALUES (0, 18);
INSERT INTO SEATS (RESERVED, NUMBER)
VALUES (0, 19);
INSERT INTO SEATS (RESERVED, NUMBER)
VALUES (0, 20);

INSERT INTO SEATS (RESERVED, NUMBER)
VALUES (0, 1);
INSERT INTO SEATS (RESERVED, NUMBER)
VALUES (0, 2);
INSERT INTO SEATS (RESERVED, NUMBER)
VALUES (0, 3);
INSERT INTO SEATS (RESERVED, NUMBER)
VALUES (0, 4);
INSERT INTO SEATS (RESERVED, NUMBER)
VALUES (0, 5);
INSERT INTO SEATS (RESERVED, NUMBER)
VALUES (0, 6);
INSERT INTO SEATS (RESERVED, NUMBER)
VALUES (0, 7);
INSERT INTO SEATS (RESERVED, NUMBER)
VALUES (0, 8);
INSERT INTO SEATS (RESERVED, NUMBER)
VALUES (0, 9);
INSERT INTO SEATS (RESERVED, NUMBER)
VALUES (0, 10);
INSERT INTO SEATS (RESERVED, NUMBER)
VALUES (0, 11);
INSERT INTO SEATS (RESERVED, NUMBER)
VALUES (0, 12);
INSERT INTO SEATS (RESERVED, NUMBER)
VALUES (0, 13);
INSERT INTO SEATS (RESERVED, NUMBER)
VALUES (0, 14);
INSERT INTO SEATS (RESERVED, NUMBER)
VALUES (0, 15);
INSERT INTO SEATS (RESERVED, NUMBER)
VALUES (0, 16);
INSERT INTO SEATS (RESERVED, NUMBER)
VALUES (0, 17);
INSERT INTO SEATS (RESERVED, NUMBER)
VALUES (0, 18);
INSERT INTO SEATS (RESERVED, NUMBER)
VALUES (0, 19);
INSERT INTO SEATS (RESERVED, NUMBER)
VALUES (0, 20);

INSERT INTO SEATS (RESERVED, NUMBER)
VALUES (0, 1);
INSERT INTO SEATS (RESERVED, NUMBER)
VALUES (0, 2);
INSERT INTO SEATS (RESERVED, NUMBER)
VALUES (0, 3);
INSERT INTO SEATS (RESERVED, NUMBER)
VALUES (0, 4);
INSERT INTO SEATS (RESERVED, NUMBER)
VALUES (0, 5);
INSERT INTO SEATS (RESERVED, NUMBER)
VALUES (0, 6);
INSERT INTO SEATS (RESERVED, NUMBER)
VALUES (0, 7);
INSERT INTO SEATS (RESERVED, NUMBER)
VALUES (0, 8);
INSERT INTO SEATS (RESERVED, NUMBER)
VALUES (0, 9);
INSERT INTO SEATS (RESERVED, NUMBER)
VALUES (0, 10);
INSERT INTO SEATS (RESERVED, NUMBER)
VALUES (0, 11);
INSERT INTO SEATS (RESERVED, NUMBER)
VALUES (0, 12);
INSERT INTO SEATS (RESERVED, NUMBER)
VALUES (0, 13);
INSERT INTO SEATS (RESERVED, NUMBER)
VALUES (0, 14);
INSERT INTO SEATS (RESERVED, NUMBER)
VALUES (0, 15);
INSERT INTO SEATS (RESERVED, NUMBER)
VALUES (0, 16);
INSERT INTO SEATS (RESERVED, NUMBER)
VALUES (0, 17);
INSERT INTO SEATS (RESERVED, NUMBER)
VALUES (0, 18);
INSERT INTO SEATS (RESERVED, NUMBER)
VALUES (0, 19);
INSERT INTO SEATS (RESERVED, NUMBER)
VALUES (0, 20);

INSERT INTO SEATS (RESERVED, NUMBER)
VALUES (0, 1);
INSERT INTO SEATS (RESERVED, NUMBER)
VALUES (0, 2);
INSERT INTO SEATS (RESERVED, NUMBER)
VALUES (0, 3);
INSERT INTO SEATS (RESERVED, NUMBER)
VALUES (0, 4);
INSERT INTO SEATS (RESERVED, NUMBER)
VALUES (0, 5);
INSERT INTO SEATS (RESERVED, NUMBER)
VALUES (0, 6);
INSERT INTO SEATS (RESERVED, NUMBER)
VALUES (0, 7);
INSERT INTO SEATS (RESERVED, NUMBER)
VALUES (0, 8);
INSERT INTO SEATS (RESERVED, NUMBER)
VALUES (0, 9);
INSERT INTO SEATS (RESERVED, NUMBER)
VALUES (0, 10);
INSERT INTO SEATS (RESERVED, NUMBER)
VALUES (0, 11);
INSERT INTO SEATS (RESERVED, NUMBER)
VALUES (0, 12);
INSERT INTO SEATS (RESERVED, NUMBER)
VALUES (0, 13);
INSERT INTO SEATS (RESERVED, NUMBER)
VALUES (0, 14);
INSERT INTO SEATS (RESERVED, NUMBER)
VALUES (0, 15);
INSERT INTO SEATS (RESERVED, NUMBER)
VALUES (0, 16);
INSERT INTO SEATS (RESERVED, NUMBER)
VALUES (0, 17);
INSERT INTO SEATS (RESERVED, NUMBER)
VALUES (0, 18);
INSERT INTO SEATS (RESERVED, NUMBER)
VALUES (0, 19);
INSERT INTO SEATS (RESERVED, NUMBER)
VALUES (0, 20);

INSERT INTO SEATS (RESERVED, NUMBER)
VALUES (0, 1);
INSERT INTO SEATS (RESERVED, NUMBER)
VALUES (0, 2);
INSERT INTO SEATS (RESERVED, NUMBER)
VALUES (0, 3);
INSERT INTO SEATS (RESERVED, NUMBER)
VALUES (0, 4);
INSERT INTO SEATS (RESERVED, NUMBER)
VALUES (0, 5);
INSERT INTO SEATS (RESERVED, NUMBER)
VALUES (0, 6);
INSERT INTO SEATS (RESERVED, NUMBER)
VALUES (0, 7);
INSERT INTO SEATS (RESERVED, NUMBER)
VALUES (0, 8);
INSERT INTO SEATS (RESERVED, NUMBER)
VALUES (0, 9);
INSERT INTO SEATS (RESERVED, NUMBER)
VALUES (0, 10);
INSERT INTO SEATS (RESERVED, NUMBER)
VALUES (0, 11);
INSERT INTO SEATS (RESERVED, NUMBER)
VALUES (0, 12);
INSERT INTO SEATS (RESERVED, NUMBER)
VALUES (0, 13);
INSERT INTO SEATS (RESERVED, NUMBER)
VALUES (0, 14);
INSERT INTO SEATS (RESERVED, NUMBER)
VALUES (0, 15);
INSERT INTO SEATS (RESERVED, NUMBER)
VALUES (0, 16);
INSERT INTO SEATS (RESERVED, NUMBER)
VALUES (0, 17);
INSERT INTO SEATS (RESERVED, NUMBER)
VALUES (0, 18);
INSERT INTO SEATS (RESERVED, NUMBER)
VALUES (0, 19);
INSERT INTO SEATS (RESERVED, NUMBER)
VALUES (0, 20);

INSERT INTO SEATS (RESERVED, NUMBER)
VALUES (0, 1);
INSERT INTO SEATS (RESERVED, NUMBER)
VALUES (0, 2);
INSERT INTO SEATS (RESERVED, NUMBER)
VALUES (0, 3);
INSERT INTO SEATS (RESERVED, NUMBER)
VALUES (0, 4);
INSERT INTO SEATS (RESERVED, NUMBER)
VALUES (0, 5);
INSERT INTO SEATS (RESERVED, NUMBER)
VALUES (0, 6);
INSERT INTO SEATS (RESERVED, NUMBER)
VALUES (0, 7);
INSERT INTO SEATS (RESERVED, NUMBER)
VALUES (0, 8);
INSERT INTO SEATS (RESERVED, NUMBER)
VALUES (0, 9);
INSERT INTO SEATS (RESERVED, NUMBER)
VALUES (0, 10);
INSERT INTO SEATS (RESERVED, NUMBER)
VALUES (0, 11);
INSERT INTO SEATS (RESERVED, NUMBER)
VALUES (0, 12);
INSERT INTO SEATS (RESERVED, NUMBER)
VALUES (0, 13);
INSERT INTO SEATS (RESERVED, NUMBER)
VALUES (0, 14);
INSERT INTO SEATS (RESERVED, NUMBER)
VALUES (0, 15);
INSERT INTO SEATS (RESERVED, NUMBER)
VALUES (0, 16);
INSERT INTO SEATS (RESERVED, NUMBER)
VALUES (0, 17);
INSERT INTO SEATS (RESERVED, NUMBER)
VALUES (0, 18);
INSERT INTO SEATS (RESERVED, NUMBER)
VALUES (0, 19);
INSERT INTO SEATS (RESERVED, NUMBER)
VALUES (0, 20);

-- --------------------------------------
-- ÜLŐHELYEK ÉS VAGONOK KÖZTI KAPCSOLAT
-- --------------------------------------
INSERT INTO WAGON_SEAT_CONNECTION (SEATS_ID, WAGONS_ID)
VALUES (1, 'vagon1');
INSERT INTO WAGON_SEAT_CONNECTION (SEATS_ID, WAGONS_ID)
VALUES (2, 'vagon1');
INSERT INTO WAGON_SEAT_CONNECTION (SEATS_ID, WAGONS_ID)
VALUES (3, 'vagon1');
INSERT INTO WAGON_SEAT_CONNECTION (SEATS_ID, WAGONS_ID)
VALUES (4, 'vagon1');
INSERT INTO WAGON_SEAT_CONNECTION (SEATS_ID, WAGONS_ID)
VALUES (5, 'vagon1');
INSERT INTO WAGON_SEAT_CONNECTION (SEATS_ID, WAGONS_ID)
VALUES (6, 'vagon1');
INSERT INTO WAGON_SEAT_CONNECTION (SEATS_ID, WAGONS_ID)
VALUES (7, 'vagon1');
INSERT INTO WAGON_SEAT_CONNECTION (SEATS_ID, WAGONS_ID)
VALUES (8, 'vagon1');
INSERT INTO WAGON_SEAT_CONNECTION (SEATS_ID, WAGONS_ID)
VALUES (9, 'vagon1');
INSERT INTO WAGON_SEAT_CONNECTION (SEATS_ID, WAGONS_ID)
VALUES (10, 'vagon1');
INSERT INTO WAGON_SEAT_CONNECTION (SEATS_ID, WAGONS_ID)
VALUES (11, 'vagon1');
INSERT INTO WAGON_SEAT_CONNECTION (SEATS_ID, WAGONS_ID)
VALUES (12, 'vagon1');
INSERT INTO WAGON_SEAT_CONNECTION (SEATS_ID, WAGONS_ID)
VALUES (13, 'vagon1');
INSERT INTO WAGON_SEAT_CONNECTION (SEATS_ID, WAGONS_ID)
VALUES (14, 'vagon1');
INSERT INTO WAGON_SEAT_CONNECTION (SEATS_ID, WAGONS_ID)
VALUES (15, 'vagon1');
INSERT INTO WAGON_SEAT_CONNECTION (SEATS_ID, WAGONS_ID)
VALUES (16, 'vagon1');
INSERT INTO WAGON_SEAT_CONNECTION (SEATS_ID, WAGONS_ID)
VALUES (17, 'vagon1');
INSERT INTO WAGON_SEAT_CONNECTION (SEATS_ID, WAGONS_ID)
VALUES (18, 'vagon1');
INSERT INTO WAGON_SEAT_CONNECTION (SEATS_ID, WAGONS_ID)
VALUES (19, 'vagon1');
INSERT INTO WAGON_SEAT_CONNECTION (SEATS_ID, WAGONS_ID)
VALUES (20, 'vagon1');

INSERT INTO WAGON_SEAT_CONNECTION (SEATS_ID, WAGONS_ID)
VALUES (21, 'vagon2');
INSERT INTO WAGON_SEAT_CONNECTION (SEATS_ID, WAGONS_ID)
VALUES (22, 'vagon2');
INSERT INTO WAGON_SEAT_CONNECTION (SEATS_ID, WAGONS_ID)
VALUES (23, 'vagon2');
INSERT INTO WAGON_SEAT_CONNECTION (SEATS_ID, WAGONS_ID)
VALUES (24, 'vagon2');
INSERT INTO WAGON_SEAT_CONNECTION (SEATS_ID, WAGONS_ID)
VALUES (25, 'vagon2');
INSERT INTO WAGON_SEAT_CONNECTION (SEATS_ID, WAGONS_ID)
VALUES (26, 'vagon2');
INSERT INTO WAGON_SEAT_CONNECTION (SEATS_ID, WAGONS_ID)
VALUES (27, 'vagon2');
INSERT INTO WAGON_SEAT_CONNECTION (SEATS_ID, WAGONS_ID)
VALUES (28, 'vagon2');
INSERT INTO WAGON_SEAT_CONNECTION (SEATS_ID, WAGONS_ID)
VALUES (29, 'vagon2');
INSERT INTO WAGON_SEAT_CONNECTION (SEATS_ID, WAGONS_ID)
VALUES (30, 'vagon2');
INSERT INTO WAGON_SEAT_CONNECTION (SEATS_ID, WAGONS_ID)
VALUES (31, 'vagon2');
INSERT INTO WAGON_SEAT_CONNECTION (SEATS_ID, WAGONS_ID)
VALUES (32, 'vagon2');
INSERT INTO WAGON_SEAT_CONNECTION (SEATS_ID, WAGONS_ID)
VALUES (33, 'vagon2');
INSERT INTO WAGON_SEAT_CONNECTION (SEATS_ID, WAGONS_ID)
VALUES (34, 'vagon2');
INSERT INTO WAGON_SEAT_CONNECTION (SEATS_ID, WAGONS_ID)
VALUES (35, 'vagon2');
INSERT INTO WAGON_SEAT_CONNECTION (SEATS_ID, WAGONS_ID)
VALUES (36, 'vagon2');
INSERT INTO WAGON_SEAT_CONNECTION (SEATS_ID, WAGONS_ID)
VALUES (37, 'vagon2');
INSERT INTO WAGON_SEAT_CONNECTION (SEATS_ID, WAGONS_ID)
VALUES (38, 'vagon2');
INSERT INTO WAGON_SEAT_CONNECTION (SEATS_ID, WAGONS_ID)
VALUES (39, 'vagon2');
INSERT INTO WAGON_SEAT_CONNECTION (SEATS_ID, WAGONS_ID)
VALUES (40, 'vagon2');

INSERT INTO WAGON_SEAT_CONNECTION (SEATS_ID, WAGONS_ID)
VALUES (41, 'vagon3');
INSERT INTO WAGON_SEAT_CONNECTION (SEATS_ID, WAGONS_ID)
VALUES (42, 'vagon3');
INSERT INTO WAGON_SEAT_CONNECTION (SEATS_ID, WAGONS_ID)
VALUES (43, 'vagon3');
INSERT INTO WAGON_SEAT_CONNECTION (SEATS_ID, WAGONS_ID)
VALUES (44, 'vagon3');
INSERT INTO WAGON_SEAT_CONNECTION (SEATS_ID, WAGONS_ID)
VALUES (45, 'vagon3');
INSERT INTO WAGON_SEAT_CONNECTION (SEATS_ID, WAGONS_ID)
VALUES (46, 'vagon3');
INSERT INTO WAGON_SEAT_CONNECTION (SEATS_ID, WAGONS_ID)
VALUES (47, 'vagon3');
INSERT INTO WAGON_SEAT_CONNECTION (SEATS_ID, WAGONS_ID)
VALUES (48, 'vagon3');
INSERT INTO WAGON_SEAT_CONNECTION (SEATS_ID, WAGONS_ID)
VALUES (49, 'vagon3');
INSERT INTO WAGON_SEAT_CONNECTION (SEATS_ID, WAGONS_ID)
VALUES (50, 'vagon3');
INSERT INTO WAGON_SEAT_CONNECTION (SEATS_ID, WAGONS_ID)
VALUES (51, 'vagon3');
INSERT INTO WAGON_SEAT_CONNECTION (SEATS_ID, WAGONS_ID)
VALUES (52, 'vagon3');
INSERT INTO WAGON_SEAT_CONNECTION (SEATS_ID, WAGONS_ID)
VALUES (53, 'vagon3');
INSERT INTO WAGON_SEAT_CONNECTION (SEATS_ID, WAGONS_ID)
VALUES (54, 'vagon3');
INSERT INTO WAGON_SEAT_CONNECTION (SEATS_ID, WAGONS_ID)
VALUES (55, 'vagon3');
INSERT INTO WAGON_SEAT_CONNECTION (SEATS_ID, WAGONS_ID)
VALUES (56, 'vagon3');
INSERT INTO WAGON_SEAT_CONNECTION (SEATS_ID, WAGONS_ID)
VALUES (57, 'vagon3');
INSERT INTO WAGON_SEAT_CONNECTION (SEATS_ID, WAGONS_ID)
VALUES (58, 'vagon3');
INSERT INTO WAGON_SEAT_CONNECTION (SEATS_ID, WAGONS_ID)
VALUES (59, 'vagon3');
INSERT INTO WAGON_SEAT_CONNECTION (SEATS_ID, WAGONS_ID)
VALUES (60, 'vagon3');

INSERT INTO WAGON_SEAT_CONNECTION (SEATS_ID, WAGONS_ID)
VALUES (61, 'vagon4');
INSERT INTO WAGON_SEAT_CONNECTION (SEATS_ID, WAGONS_ID)
VALUES (62, 'vagon4');
INSERT INTO WAGON_SEAT_CONNECTION (SEATS_ID, WAGONS_ID)
VALUES (63, 'vagon4');
INSERT INTO WAGON_SEAT_CONNECTION (SEATS_ID, WAGONS_ID)
VALUES (64, 'vagon4');
INSERT INTO WAGON_SEAT_CONNECTION (SEATS_ID, WAGONS_ID)
VALUES (65, 'vagon4');
INSERT INTO WAGON_SEAT_CONNECTION (SEATS_ID, WAGONS_ID)
VALUES (66, 'vagon4');
INSERT INTO WAGON_SEAT_CONNECTION (SEATS_ID, WAGONS_ID)
VALUES (67, 'vagon4');
INSERT INTO WAGON_SEAT_CONNECTION (SEATS_ID, WAGONS_ID)
VALUES (68, 'vagon4');
INSERT INTO WAGON_SEAT_CONNECTION (SEATS_ID, WAGONS_ID)
VALUES (69, 'vagon4');
INSERT INTO WAGON_SEAT_CONNECTION (SEATS_ID, WAGONS_ID)
VALUES (70, 'vagon4');
INSERT INTO WAGON_SEAT_CONNECTION (SEATS_ID, WAGONS_ID)
VALUES (71, 'vagon4');
INSERT INTO WAGON_SEAT_CONNECTION (SEATS_ID, WAGONS_ID)
VALUES (72, 'vagon4');
INSERT INTO WAGON_SEAT_CONNECTION (SEATS_ID, WAGONS_ID)
VALUES (73, 'vagon4');
INSERT INTO WAGON_SEAT_CONNECTION (SEATS_ID, WAGONS_ID)
VALUES (74, 'vagon4');
INSERT INTO WAGON_SEAT_CONNECTION (SEATS_ID, WAGONS_ID)
VALUES (75, 'vagon4');
INSERT INTO WAGON_SEAT_CONNECTION (SEATS_ID, WAGONS_ID)
VALUES (76, 'vagon4');
INSERT INTO WAGON_SEAT_CONNECTION (SEATS_ID, WAGONS_ID)
VALUES (77, 'vagon4');
INSERT INTO WAGON_SEAT_CONNECTION (SEATS_ID, WAGONS_ID)
VALUES (78, 'vagon4');
INSERT INTO WAGON_SEAT_CONNECTION (SEATS_ID, WAGONS_ID)
VALUES (79, 'vagon4');
INSERT INTO WAGON_SEAT_CONNECTION (SEATS_ID, WAGONS_ID)
VALUES (80, 'vagon4');

INSERT INTO WAGON_SEAT_CONNECTION (SEATS_ID, WAGONS_ID)
VALUES (81, 'vagon5');
INSERT INTO WAGON_SEAT_CONNECTION (SEATS_ID, WAGONS_ID)
VALUES (82, 'vagon5');
INSERT INTO WAGON_SEAT_CONNECTION (SEATS_ID, WAGONS_ID)
VALUES (83, 'vagon5');
INSERT INTO WAGON_SEAT_CONNECTION (SEATS_ID, WAGONS_ID)
VALUES (84, 'vagon5');
INSERT INTO WAGON_SEAT_CONNECTION (SEATS_ID, WAGONS_ID)
VALUES (85, 'vagon5');
INSERT INTO WAGON_SEAT_CONNECTION (SEATS_ID, WAGONS_ID)
VALUES (86, 'vagon5');
INSERT INTO WAGON_SEAT_CONNECTION (SEATS_ID, WAGONS_ID)
VALUES (87, 'vagon5');
INSERT INTO WAGON_SEAT_CONNECTION (SEATS_ID, WAGONS_ID)
VALUES (88, 'vagon5');
INSERT INTO WAGON_SEAT_CONNECTION (SEATS_ID, WAGONS_ID)
VALUES (89, 'vagon5');
INSERT INTO WAGON_SEAT_CONNECTION (SEATS_ID, WAGONS_ID)
VALUES (90, 'vagon5');
INSERT INTO WAGON_SEAT_CONNECTION (SEATS_ID, WAGONS_ID)
VALUES (91, 'vagon5');
INSERT INTO WAGON_SEAT_CONNECTION (SEATS_ID, WAGONS_ID)
VALUES (92, 'vagon5');
INSERT INTO WAGON_SEAT_CONNECTION (SEATS_ID, WAGONS_ID)
VALUES (93, 'vagon5');
INSERT INTO WAGON_SEAT_CONNECTION (SEATS_ID, WAGONS_ID)
VALUES (94, 'vagon5');
INSERT INTO WAGON_SEAT_CONNECTION (SEATS_ID, WAGONS_ID)
VALUES (95, 'vagon5');
INSERT INTO WAGON_SEAT_CONNECTION (SEATS_ID, WAGONS_ID)
VALUES (96, 'vagon5');
INSERT INTO WAGON_SEAT_CONNECTION (SEATS_ID, WAGONS_ID)
VALUES (97, 'vagon5');
INSERT INTO WAGON_SEAT_CONNECTION (SEATS_ID, WAGONS_ID)
VALUES (98, 'vagon5');
INSERT INTO WAGON_SEAT_CONNECTION (SEATS_ID, WAGONS_ID)
VALUES (99, 'vagon5');
INSERT INTO WAGON_SEAT_CONNECTION (SEATS_ID, WAGONS_ID)
VALUES (100, 'vagon5');

INSERT INTO WAGON_SEAT_CONNECTION (SEATS_ID, WAGONS_ID)
VALUES (101, 'vagon6');
INSERT INTO WAGON_SEAT_CONNECTION (SEATS_ID, WAGONS_ID)
VALUES (102, 'vagon6');
INSERT INTO WAGON_SEAT_CONNECTION (SEATS_ID, WAGONS_ID)
VALUES (103, 'vagon6');
INSERT INTO WAGON_SEAT_CONNECTION (SEATS_ID, WAGONS_ID)
VALUES (104, 'vagon6');
INSERT INTO WAGON_SEAT_CONNECTION (SEATS_ID, WAGONS_ID)
VALUES (105, 'vagon6');
INSERT INTO WAGON_SEAT_CONNECTION (SEATS_ID, WAGONS_ID)
VALUES (106, 'vagon6');
INSERT INTO WAGON_SEAT_CONNECTION (SEATS_ID, WAGONS_ID)
VALUES (107, 'vagon6');
INSERT INTO WAGON_SEAT_CONNECTION (SEATS_ID, WAGONS_ID)
VALUES (108, 'vagon6');
INSERT INTO WAGON_SEAT_CONNECTION (SEATS_ID, WAGONS_ID)
VALUES (109, 'vagon6');
INSERT INTO WAGON_SEAT_CONNECTION (SEATS_ID, WAGONS_ID)
VALUES (110, 'vagon6');
INSERT INTO WAGON_SEAT_CONNECTION (SEATS_ID, WAGONS_ID)
VALUES (111, 'vagon6');
INSERT INTO WAGON_SEAT_CONNECTION (SEATS_ID, WAGONS_ID)
VALUES (112, 'vagon6');
INSERT INTO WAGON_SEAT_CONNECTION (SEATS_ID, WAGONS_ID)
VALUES (113, 'vagon6');
INSERT INTO WAGON_SEAT_CONNECTION (SEATS_ID, WAGONS_ID)
VALUES (114, 'vagon6');
INSERT INTO WAGON_SEAT_CONNECTION (SEATS_ID, WAGONS_ID)
VALUES (115, 'vagon6');
INSERT INTO WAGON_SEAT_CONNECTION (SEATS_ID, WAGONS_ID)
VALUES (116, 'vagon6');
INSERT INTO WAGON_SEAT_CONNECTION (SEATS_ID, WAGONS_ID)
VALUES (117, 'vagon6');
INSERT INTO WAGON_SEAT_CONNECTION (SEATS_ID, WAGONS_ID)
VALUES (118, 'vagon6');
INSERT INTO WAGON_SEAT_CONNECTION (SEATS_ID, WAGONS_ID)
VALUES (119, 'vagon6');
INSERT INTO WAGON_SEAT_CONNECTION (SEATS_ID, WAGONS_ID)
VALUES (120, 'vagon6');

INSERT INTO WAGON_SEAT_CONNECTION (SEATS_ID, WAGONS_ID)
VALUES (121, 'vagon7');
INSERT INTO WAGON_SEAT_CONNECTION (SEATS_ID, WAGONS_ID)
VALUES (122, 'vagon7');
INSERT INTO WAGON_SEAT_CONNECTION (SEATS_ID, WAGONS_ID)
VALUES (123, 'vagon7');
INSERT INTO WAGON_SEAT_CONNECTION (SEATS_ID, WAGONS_ID)
VALUES (124, 'vagon7');
INSERT INTO WAGON_SEAT_CONNECTION (SEATS_ID, WAGONS_ID)
VALUES (125, 'vagon7');
INSERT INTO WAGON_SEAT_CONNECTION (SEATS_ID, WAGONS_ID)
VALUES (126, 'vagon7');
INSERT INTO WAGON_SEAT_CONNECTION (SEATS_ID, WAGONS_ID)
VALUES (127, 'vagon7');
INSERT INTO WAGON_SEAT_CONNECTION (SEATS_ID, WAGONS_ID)
VALUES (128, 'vagon7');
INSERT INTO WAGON_SEAT_CONNECTION (SEATS_ID, WAGONS_ID)
VALUES (129, 'vagon7');
INSERT INTO WAGON_SEAT_CONNECTION (SEATS_ID, WAGONS_ID)
VALUES (130, 'vagon7');
INSERT INTO WAGON_SEAT_CONNECTION (SEATS_ID, WAGONS_ID)
VALUES (131, 'vagon7');
INSERT INTO WAGON_SEAT_CONNECTION (SEATS_ID, WAGONS_ID)
VALUES (132, 'vagon7');
INSERT INTO WAGON_SEAT_CONNECTION (SEATS_ID, WAGONS_ID)
VALUES (133, 'vagon7');
INSERT INTO WAGON_SEAT_CONNECTION (SEATS_ID, WAGONS_ID)
VALUES (134, 'vagon7');
INSERT INTO WAGON_SEAT_CONNECTION (SEATS_ID, WAGONS_ID)
VALUES (135, 'vagon7');
INSERT INTO WAGON_SEAT_CONNECTION (SEATS_ID, WAGONS_ID)
VALUES (136, 'vagon7');
INSERT INTO WAGON_SEAT_CONNECTION (SEATS_ID, WAGONS_ID)
VALUES (137, 'vagon7');
INSERT INTO WAGON_SEAT_CONNECTION (SEATS_ID, WAGONS_ID)
VALUES (138, 'vagon7');
INSERT INTO WAGON_SEAT_CONNECTION (SEATS_ID, WAGONS_ID)
VALUES (139, 'vagon7');
INSERT INTO WAGON_SEAT_CONNECTION (SEATS_ID, WAGONS_ID)
VALUES (140, 'vagon7');

INSERT INTO WAGON_SEAT_CONNECTION (SEATS_ID, WAGONS_ID)
VALUES (141, 'vagon8');
INSERT INTO WAGON_SEAT_CONNECTION (SEATS_ID, WAGONS_ID)
VALUES (142, 'vagon8');
INSERT INTO WAGON_SEAT_CONNECTION (SEATS_ID, WAGONS_ID)
VALUES (143, 'vagon8');
INSERT INTO WAGON_SEAT_CONNECTION (SEATS_ID, WAGONS_ID)
VALUES (144, 'vagon8');
INSERT INTO WAGON_SEAT_CONNECTION (SEATS_ID, WAGONS_ID)
VALUES (145, 'vagon8');
INSERT INTO WAGON_SEAT_CONNECTION (SEATS_ID, WAGONS_ID)
VALUES (146, 'vagon8');
INSERT INTO WAGON_SEAT_CONNECTION (SEATS_ID, WAGONS_ID)
VALUES (147, 'vagon8');
INSERT INTO WAGON_SEAT_CONNECTION (SEATS_ID, WAGONS_ID)
VALUES (148, 'vagon8');
INSERT INTO WAGON_SEAT_CONNECTION (SEATS_ID, WAGONS_ID)
VALUES (149, 'vagon8');
INSERT INTO WAGON_SEAT_CONNECTION (SEATS_ID, WAGONS_ID)
VALUES (150, 'vagon8');
INSERT INTO WAGON_SEAT_CONNECTION (SEATS_ID, WAGONS_ID)
VALUES (151, 'vagon8');
INSERT INTO WAGON_SEAT_CONNECTION (SEATS_ID, WAGONS_ID)
VALUES (152, 'vagon8');
INSERT INTO WAGON_SEAT_CONNECTION (SEATS_ID, WAGONS_ID)
VALUES (153, 'vagon8');
INSERT INTO WAGON_SEAT_CONNECTION (SEATS_ID, WAGONS_ID)
VALUES (154, 'vagon8');
INSERT INTO WAGON_SEAT_CONNECTION (SEATS_ID, WAGONS_ID)
VALUES (155, 'vagon8');
INSERT INTO WAGON_SEAT_CONNECTION (SEATS_ID, WAGONS_ID)
VALUES (156, 'vagon8');
INSERT INTO WAGON_SEAT_CONNECTION (SEATS_ID, WAGONS_ID)
VALUES (157, 'vagon8');
INSERT INTO WAGON_SEAT_CONNECTION (SEATS_ID, WAGONS_ID)
VALUES (158, 'vagon8');
INSERT INTO WAGON_SEAT_CONNECTION (SEATS_ID, WAGONS_ID)
VALUES (159, 'vagon8');
INSERT INTO WAGON_SEAT_CONNECTION (SEATS_ID, WAGONS_ID)
VALUES (160, 'vagon8');

INSERT INTO WAGON_SEAT_CONNECTION (SEATS_ID, WAGONS_ID)
VALUES (161, 'vagon9');
INSERT INTO WAGON_SEAT_CONNECTION (SEATS_ID, WAGONS_ID)
VALUES (162, 'vagon9');
INSERT INTO WAGON_SEAT_CONNECTION (SEATS_ID, WAGONS_ID)
VALUES (163, 'vagon9');
INSERT INTO WAGON_SEAT_CONNECTION (SEATS_ID, WAGONS_ID)
VALUES (164, 'vagon9');
INSERT INTO WAGON_SEAT_CONNECTION (SEATS_ID, WAGONS_ID)
VALUES (165, 'vagon9');
INSERT INTO WAGON_SEAT_CONNECTION (SEATS_ID, WAGONS_ID)
VALUES (166, 'vagon9');
INSERT INTO WAGON_SEAT_CONNECTION (SEATS_ID, WAGONS_ID)
VALUES (167, 'vagon9');
INSERT INTO WAGON_SEAT_CONNECTION (SEATS_ID, WAGONS_ID)
VALUES (168, 'vagon9');
INSERT INTO WAGON_SEAT_CONNECTION (SEATS_ID, WAGONS_ID)
VALUES (169, 'vagon9');
INSERT INTO WAGON_SEAT_CONNECTION (SEATS_ID, WAGONS_ID)
VALUES (170, 'vagon9');
INSERT INTO WAGON_SEAT_CONNECTION (SEATS_ID, WAGONS_ID)
VALUES (171, 'vagon9');
INSERT INTO WAGON_SEAT_CONNECTION (SEATS_ID, WAGONS_ID)
VALUES (172, 'vagon9');
INSERT INTO WAGON_SEAT_CONNECTION (SEATS_ID, WAGONS_ID)
VALUES (173, 'vagon9');
INSERT INTO WAGON_SEAT_CONNECTION (SEATS_ID, WAGONS_ID)
VALUES (174, 'vagon9');
INSERT INTO WAGON_SEAT_CONNECTION (SEATS_ID, WAGONS_ID)
VALUES (175, 'vagon9');
INSERT INTO WAGON_SEAT_CONNECTION (SEATS_ID, WAGONS_ID)
VALUES (176, 'vagon9');
INSERT INTO WAGON_SEAT_CONNECTION (SEATS_ID, WAGONS_ID)
VALUES (177, 'vagon9');
INSERT INTO WAGON_SEAT_CONNECTION (SEATS_ID, WAGONS_ID)
VALUES (178, 'vagon9');
INSERT INTO WAGON_SEAT_CONNECTION (SEATS_ID, WAGONS_ID)
VALUES (179, 'vagon9');
INSERT INTO WAGON_SEAT_CONNECTION (SEATS_ID, WAGONS_ID)
VALUES (180, 'vagon9');

INSERT INTO WAGON_SEAT_CONNECTION (SEATS_ID, WAGONS_ID)
VALUES (181, 'vagon10');
INSERT INTO WAGON_SEAT_CONNECTION (SEATS_ID, WAGONS_ID)
VALUES (182, 'vagon10');
INSERT INTO WAGON_SEAT_CONNECTION (SEATS_ID, WAGONS_ID)
VALUES (183, 'vagon10');
INSERT INTO WAGON_SEAT_CONNECTION (SEATS_ID, WAGONS_ID)
VALUES (184, 'vagon10');
INSERT INTO WAGON_SEAT_CONNECTION (SEATS_ID, WAGONS_ID)
VALUES (185, 'vagon10');
INSERT INTO WAGON_SEAT_CONNECTION (SEATS_ID, WAGONS_ID)
VALUES (186, 'vagon10');
INSERT INTO WAGON_SEAT_CONNECTION (SEATS_ID, WAGONS_ID)
VALUES (187, 'vagon10');
INSERT INTO WAGON_SEAT_CONNECTION (SEATS_ID, WAGONS_ID)
VALUES (188, 'vagon10');
INSERT INTO WAGON_SEAT_CONNECTION (SEATS_ID, WAGONS_ID)
VALUES (189, 'vagon10');
INSERT INTO WAGON_SEAT_CONNECTION (SEATS_ID, WAGONS_ID)
VALUES (190, 'vagon10');
INSERT INTO WAGON_SEAT_CONNECTION (SEATS_ID, WAGONS_ID)
VALUES (191, 'vagon10');
INSERT INTO WAGON_SEAT_CONNECTION (SEATS_ID, WAGONS_ID)
VALUES (192, 'vagon10');
INSERT INTO WAGON_SEAT_CONNECTION (SEATS_ID, WAGONS_ID)
VALUES (193, 'vagon10');
INSERT INTO WAGON_SEAT_CONNECTION (SEATS_ID, WAGONS_ID)
VALUES (194, 'vagon10');
INSERT INTO WAGON_SEAT_CONNECTION (SEATS_ID, WAGONS_ID)
VALUES (195, 'vagon10');
INSERT INTO WAGON_SEAT_CONNECTION (SEATS_ID, WAGONS_ID)
VALUES (196, 'vagon10');
INSERT INTO WAGON_SEAT_CONNECTION (SEATS_ID, WAGONS_ID)
VALUES (197, 'vagon10');
INSERT INTO WAGON_SEAT_CONNECTION (SEATS_ID, WAGONS_ID)
VALUES (198, 'vagon10');
INSERT INTO WAGON_SEAT_CONNECTION (SEATS_ID, WAGONS_ID)
VALUES (199, 'vagon10');
INSERT INTO WAGON_SEAT_CONNECTION (SEATS_ID, WAGONS_ID)
VALUES (200, 'vagon10');

INSERT INTO WAGON_SEAT_CONNECTION (SEATS_ID, WAGONS_ID)
VALUES (201, 'vagon11');
INSERT INTO WAGON_SEAT_CONNECTION (SEATS_ID, WAGONS_ID)
VALUES (202, 'vagon11');
INSERT INTO WAGON_SEAT_CONNECTION (SEATS_ID, WAGONS_ID)
VALUES (203, 'vagon11');
INSERT INTO WAGON_SEAT_CONNECTION (SEATS_ID, WAGONS_ID)
VALUES (204, 'vagon11');
INSERT INTO WAGON_SEAT_CONNECTION (SEATS_ID, WAGONS_ID)
VALUES (205, 'vagon11');
INSERT INTO WAGON_SEAT_CONNECTION (SEATS_ID, WAGONS_ID)
VALUES (206, 'vagon11');
INSERT INTO WAGON_SEAT_CONNECTION (SEATS_ID, WAGONS_ID)
VALUES (207, 'vagon11');
INSERT INTO WAGON_SEAT_CONNECTION (SEATS_ID, WAGONS_ID)
VALUES (208, 'vagon11');
INSERT INTO WAGON_SEAT_CONNECTION (SEATS_ID, WAGONS_ID)
VALUES (209, 'vagon11');
INSERT INTO WAGON_SEAT_CONNECTION (SEATS_ID, WAGONS_ID)
VALUES (210, 'vagon11');
INSERT INTO WAGON_SEAT_CONNECTION (SEATS_ID, WAGONS_ID)
VALUES (211, 'vagon11');
INSERT INTO WAGON_SEAT_CONNECTION (SEATS_ID, WAGONS_ID)
VALUES (212, 'vagon11');
INSERT INTO WAGON_SEAT_CONNECTION (SEATS_ID, WAGONS_ID)
VALUES (213, 'vagon11');
INSERT INTO WAGON_SEAT_CONNECTION (SEATS_ID, WAGONS_ID)
VALUES (214, 'vagon11');
INSERT INTO WAGON_SEAT_CONNECTION (SEATS_ID, WAGONS_ID)
VALUES (215, 'vagon11');
INSERT INTO WAGON_SEAT_CONNECTION (SEATS_ID, WAGONS_ID)
VALUES (216, 'vagon11');
INSERT INTO WAGON_SEAT_CONNECTION (SEATS_ID, WAGONS_ID)
VALUES (217, 'vagon11');
INSERT INTO WAGON_SEAT_CONNECTION (SEATS_ID, WAGONS_ID)
VALUES (218, 'vagon11');
INSERT INTO WAGON_SEAT_CONNECTION (SEATS_ID, WAGONS_ID)
VALUES (219, 'vagon11');
INSERT INTO WAGON_SEAT_CONNECTION (SEATS_ID, WAGONS_ID)
VALUES (220, 'vagon11');

INSERT INTO WAGON_SEAT_CONNECTION (SEATS_ID, WAGONS_ID)
VALUES (221, 'vagon12');
INSERT INTO WAGON_SEAT_CONNECTION (SEATS_ID, WAGONS_ID)
VALUES (222, 'vagon12');
INSERT INTO WAGON_SEAT_CONNECTION (SEATS_ID, WAGONS_ID)
VALUES (223, 'vagon12');
INSERT INTO WAGON_SEAT_CONNECTION (SEATS_ID, WAGONS_ID)
VALUES (224, 'vagon12');
INSERT INTO WAGON_SEAT_CONNECTION (SEATS_ID, WAGONS_ID)
VALUES (225, 'vagon12');
INSERT INTO WAGON_SEAT_CONNECTION (SEATS_ID, WAGONS_ID)
VALUES (226, 'vagon12');
INSERT INTO WAGON_SEAT_CONNECTION (SEATS_ID, WAGONS_ID)
VALUES (227, 'vagon12');
INSERT INTO WAGON_SEAT_CONNECTION (SEATS_ID, WAGONS_ID)
VALUES (228, 'vagon12');
INSERT INTO WAGON_SEAT_CONNECTION (SEATS_ID, WAGONS_ID)
VALUES (229, 'vagon12');
INSERT INTO WAGON_SEAT_CONNECTION (SEATS_ID, WAGONS_ID)
VALUES (230, 'vagon12');
INSERT INTO WAGON_SEAT_CONNECTION (SEATS_ID, WAGONS_ID)
VALUES (231, 'vagon12');
INSERT INTO WAGON_SEAT_CONNECTION (SEATS_ID, WAGONS_ID)
VALUES (232, 'vagon12');
INSERT INTO WAGON_SEAT_CONNECTION (SEATS_ID, WAGONS_ID)
VALUES (233, 'vagon12');
INSERT INTO WAGON_SEAT_CONNECTION (SEATS_ID, WAGONS_ID)
VALUES (234, 'vagon12');
INSERT INTO WAGON_SEAT_CONNECTION (SEATS_ID, WAGONS_ID)
VALUES (235, 'vagon12');
INSERT INTO WAGON_SEAT_CONNECTION (SEATS_ID, WAGONS_ID)
VALUES (236, 'vagon12');
INSERT INTO WAGON_SEAT_CONNECTION (SEATS_ID, WAGONS_ID)
VALUES (237, 'vagon12');
INSERT INTO WAGON_SEAT_CONNECTION (SEATS_ID, WAGONS_ID)
VALUES (238, 'vagon12');
INSERT INTO WAGON_SEAT_CONNECTION (SEATS_ID, WAGONS_ID)
VALUES (239, 'vagon12');
INSERT INTO WAGON_SEAT_CONNECTION (SEATS_ID, WAGONS_ID)
VALUES (240, 'vagon12');

INSERT INTO WAGON_SEAT_CONNECTION (SEATS_ID, WAGONS_ID)
VALUES (241, 'vagon13');
INSERT INTO WAGON_SEAT_CONNECTION (SEATS_ID, WAGONS_ID)
VALUES (242, 'vagon13');
INSERT INTO WAGON_SEAT_CONNECTION (SEATS_ID, WAGONS_ID)
VALUES (243, 'vagon13');
INSERT INTO WAGON_SEAT_CONNECTION (SEATS_ID, WAGONS_ID)
VALUES (244, 'vagon13');
INSERT INTO WAGON_SEAT_CONNECTION (SEATS_ID, WAGONS_ID)
VALUES (245, 'vagon13');
INSERT INTO WAGON_SEAT_CONNECTION (SEATS_ID, WAGONS_ID)
VALUES (246, 'vagon13');
INSERT INTO WAGON_SEAT_CONNECTION (SEATS_ID, WAGONS_ID)
VALUES (247, 'vagon13');
INSERT INTO WAGON_SEAT_CONNECTION (SEATS_ID, WAGONS_ID)
VALUES (248, 'vagon13');
INSERT INTO WAGON_SEAT_CONNECTION (SEATS_ID, WAGONS_ID)
VALUES (249, 'vagon13');
INSERT INTO WAGON_SEAT_CONNECTION (SEATS_ID, WAGONS_ID)
VALUES (250, 'vagon13');
INSERT INTO WAGON_SEAT_CONNECTION (SEATS_ID, WAGONS_ID)
VALUES (251, 'vagon13');
INSERT INTO WAGON_SEAT_CONNECTION (SEATS_ID, WAGONS_ID)
VALUES (252, 'vagon13');
INSERT INTO WAGON_SEAT_CONNECTION (SEATS_ID, WAGONS_ID)
VALUES (253, 'vagon13');
INSERT INTO WAGON_SEAT_CONNECTION (SEATS_ID, WAGONS_ID)
VALUES (254, 'vagon13');
INSERT INTO WAGON_SEAT_CONNECTION (SEATS_ID, WAGONS_ID)
VALUES (255, 'vagon13');
INSERT INTO WAGON_SEAT_CONNECTION (SEATS_ID, WAGONS_ID)
VALUES (256, 'vagon13');
INSERT INTO WAGON_SEAT_CONNECTION (SEATS_ID, WAGONS_ID)
VALUES (257, 'vagon13');
INSERT INTO WAGON_SEAT_CONNECTION (SEATS_ID, WAGONS_ID)
VALUES (258, 'vagon13');
INSERT INTO WAGON_SEAT_CONNECTION (SEATS_ID, WAGONS_ID)
VALUES (259, 'vagon13');
INSERT INTO WAGON_SEAT_CONNECTION (SEATS_ID, WAGONS_ID)
VALUES (260, 'vagon13');

INSERT INTO WAGON_SEAT_CONNECTION (SEATS_ID, WAGONS_ID)
VALUES (261, 'vagon14');
INSERT INTO WAGON_SEAT_CONNECTION (SEATS_ID, WAGONS_ID)
VALUES (262, 'vagon14');
INSERT INTO WAGON_SEAT_CONNECTION (SEATS_ID, WAGONS_ID)
VALUES (263, 'vagon14');
INSERT INTO WAGON_SEAT_CONNECTION (SEATS_ID, WAGONS_ID)
VALUES (264, 'vagon14');
INSERT INTO WAGON_SEAT_CONNECTION (SEATS_ID, WAGONS_ID)
VALUES (265, 'vagon14');
INSERT INTO WAGON_SEAT_CONNECTION (SEATS_ID, WAGONS_ID)
VALUES (266, 'vagon14');
INSERT INTO WAGON_SEAT_CONNECTION (SEATS_ID, WAGONS_ID)
VALUES (267, 'vagon14');
INSERT INTO WAGON_SEAT_CONNECTION (SEATS_ID, WAGONS_ID)
VALUES (268, 'vagon14');
INSERT INTO WAGON_SEAT_CONNECTION (SEATS_ID, WAGONS_ID)
VALUES (269, 'vagon14');
INSERT INTO WAGON_SEAT_CONNECTION (SEATS_ID, WAGONS_ID)
VALUES (270, 'vagon14');
INSERT INTO WAGON_SEAT_CONNECTION (SEATS_ID, WAGONS_ID)
VALUES (271, 'vagon14');
INSERT INTO WAGON_SEAT_CONNECTION (SEATS_ID, WAGONS_ID)
VALUES (272, 'vagon14');
INSERT INTO WAGON_SEAT_CONNECTION (SEATS_ID, WAGONS_ID)
VALUES (273, 'vagon14');
INSERT INTO WAGON_SEAT_CONNECTION (SEATS_ID, WAGONS_ID)
VALUES (274, 'vagon14');
INSERT INTO WAGON_SEAT_CONNECTION (SEATS_ID, WAGONS_ID)
VALUES (275, 'vagon14');
INSERT INTO WAGON_SEAT_CONNECTION (SEATS_ID, WAGONS_ID)
VALUES (276, 'vagon14');
INSERT INTO WAGON_SEAT_CONNECTION (SEATS_ID, WAGONS_ID)
VALUES (277, 'vagon14');
INSERT INTO WAGON_SEAT_CONNECTION (SEATS_ID, WAGONS_ID)
VALUES (278, 'vagon14');
INSERT INTO WAGON_SEAT_CONNECTION (SEATS_ID, WAGONS_ID)
VALUES (279, 'vagon14');
INSERT INTO WAGON_SEAT_CONNECTION (SEATS_ID, WAGONS_ID)
VALUES (280, 'vagon14');

INSERT INTO WAGON_SEAT_CONNECTION (SEATS_ID, WAGONS_ID)
VALUES (281, 'vagon15');
INSERT INTO WAGON_SEAT_CONNECTION (SEATS_ID, WAGONS_ID)
VALUES (282, 'vagon15');
INSERT INTO WAGON_SEAT_CONNECTION (SEATS_ID, WAGONS_ID)
VALUES (283, 'vagon15');
INSERT INTO WAGON_SEAT_CONNECTION (SEATS_ID, WAGONS_ID)
VALUES (284, 'vagon15');
INSERT INTO WAGON_SEAT_CONNECTION (SEATS_ID, WAGONS_ID)
VALUES (285, 'vagon15');
INSERT INTO WAGON_SEAT_CONNECTION (SEATS_ID, WAGONS_ID)
VALUES (286, 'vagon15');
INSERT INTO WAGON_SEAT_CONNECTION (SEATS_ID, WAGONS_ID)
VALUES (287, 'vagon15');
INSERT INTO WAGON_SEAT_CONNECTION (SEATS_ID, WAGONS_ID)
VALUES (288, 'vagon15');
INSERT INTO WAGON_SEAT_CONNECTION (SEATS_ID, WAGONS_ID)
VALUES (289, 'vagon15');
INSERT INTO WAGON_SEAT_CONNECTION (SEATS_ID, WAGONS_ID)
VALUES (290, 'vagon15');
INSERT INTO WAGON_SEAT_CONNECTION (SEATS_ID, WAGONS_ID)
VALUES (291, 'vagon15');
INSERT INTO WAGON_SEAT_CONNECTION (SEATS_ID, WAGONS_ID)
VALUES (292, 'vagon15');
INSERT INTO WAGON_SEAT_CONNECTION (SEATS_ID, WAGONS_ID)
VALUES (293, 'vagon15');
INSERT INTO WAGON_SEAT_CONNECTION (SEATS_ID, WAGONS_ID)
VALUES (294, 'vagon15');
INSERT INTO WAGON_SEAT_CONNECTION (SEATS_ID, WAGONS_ID)
VALUES (295, 'vagon15');
INSERT INTO WAGON_SEAT_CONNECTION (SEATS_ID, WAGONS_ID)
VALUES (296, 'vagon15');
INSERT INTO WAGON_SEAT_CONNECTION (SEATS_ID, WAGONS_ID)
VALUES (297, 'vagon15');
INSERT INTO WAGON_SEAT_CONNECTION (SEATS_ID, WAGONS_ID)
VALUES (298, 'vagon15');
INSERT INTO WAGON_SEAT_CONNECTION (SEATS_ID, WAGONS_ID)
VALUES (299, 'vagon15');
INSERT INTO WAGON_SEAT_CONNECTION (SEATS_ID, WAGONS_ID)
VALUES (300, 'vagon15');

INSERT INTO WAGON_SEAT_CONNECTION (SEATS_ID, WAGONS_ID)
VALUES (301, 'vagon16');
INSERT INTO WAGON_SEAT_CONNECTION (SEATS_ID, WAGONS_ID)
VALUES (302, 'vagon16');
INSERT INTO WAGON_SEAT_CONNECTION (SEATS_ID, WAGONS_ID)
VALUES (303, 'vagon16');
INSERT INTO WAGON_SEAT_CONNECTION (SEATS_ID, WAGONS_ID)
VALUES (304, 'vagon16');
INSERT INTO WAGON_SEAT_CONNECTION (SEATS_ID, WAGONS_ID)
VALUES (305, 'vagon16');
INSERT INTO WAGON_SEAT_CONNECTION (SEATS_ID, WAGONS_ID)
VALUES (306, 'vagon16');
INSERT INTO WAGON_SEAT_CONNECTION (SEATS_ID, WAGONS_ID)
VALUES (307, 'vagon16');
INSERT INTO WAGON_SEAT_CONNECTION (SEATS_ID, WAGONS_ID)
VALUES (308, 'vagon16');
INSERT INTO WAGON_SEAT_CONNECTION (SEATS_ID, WAGONS_ID)
VALUES (309, 'vagon16');
INSERT INTO WAGON_SEAT_CONNECTION (SEATS_ID, WAGONS_ID)
VALUES (310, 'vagon16');
INSERT INTO WAGON_SEAT_CONNECTION (SEATS_ID, WAGONS_ID)
VALUES (311, 'vagon16');
INSERT INTO WAGON_SEAT_CONNECTION (SEATS_ID, WAGONS_ID)
VALUES (312, 'vagon16');
INSERT INTO WAGON_SEAT_CONNECTION (SEATS_ID, WAGONS_ID)
VALUES (313, 'vagon16');
INSERT INTO WAGON_SEAT_CONNECTION (SEATS_ID, WAGONS_ID)
VALUES (314, 'vagon16');
INSERT INTO WAGON_SEAT_CONNECTION (SEATS_ID, WAGONS_ID)
VALUES (315, 'vagon16');
INSERT INTO WAGON_SEAT_CONNECTION (SEATS_ID, WAGONS_ID)
VALUES (316, 'vagon16');
INSERT INTO WAGON_SEAT_CONNECTION (SEATS_ID, WAGONS_ID)
VALUES (317, 'vagon16');
INSERT INTO WAGON_SEAT_CONNECTION (SEATS_ID, WAGONS_ID)
VALUES (318, 'vagon16');
INSERT INTO WAGON_SEAT_CONNECTION (SEATS_ID, WAGONS_ID)
VALUES (319, 'vagon16');
INSERT INTO WAGON_SEAT_CONNECTION (SEATS_ID, WAGONS_ID)
VALUES (320, 'vagon16');

INSERT INTO WAGON_SEAT_CONNECTION (SEATS_ID, WAGONS_ID)
VALUES (321, 'vagon17');
INSERT INTO WAGON_SEAT_CONNECTION (SEATS_ID, WAGONS_ID)
VALUES (322, 'vagon17');
INSERT INTO WAGON_SEAT_CONNECTION (SEATS_ID, WAGONS_ID)
VALUES (323, 'vagon17');
INSERT INTO WAGON_SEAT_CONNECTION (SEATS_ID, WAGONS_ID)
VALUES (324, 'vagon17');
INSERT INTO WAGON_SEAT_CONNECTION (SEATS_ID, WAGONS_ID)
VALUES (325, 'vagon17');
INSERT INTO WAGON_SEAT_CONNECTION (SEATS_ID, WAGONS_ID)
VALUES (326, 'vagon17');
INSERT INTO WAGON_SEAT_CONNECTION (SEATS_ID, WAGONS_ID)
VALUES (327, 'vagon17');
INSERT INTO WAGON_SEAT_CONNECTION (SEATS_ID, WAGONS_ID)
VALUES (328, 'vagon17');
INSERT INTO WAGON_SEAT_CONNECTION (SEATS_ID, WAGONS_ID)
VALUES (329, 'vagon17');
INSERT INTO WAGON_SEAT_CONNECTION (SEATS_ID, WAGONS_ID)
VALUES (330, 'vagon17');
INSERT INTO WAGON_SEAT_CONNECTION (SEATS_ID, WAGONS_ID)
VALUES (331, 'vagon17');
INSERT INTO WAGON_SEAT_CONNECTION (SEATS_ID, WAGONS_ID)
VALUES (332, 'vagon17');
INSERT INTO WAGON_SEAT_CONNECTION (SEATS_ID, WAGONS_ID)
VALUES (333, 'vagon17');
INSERT INTO WAGON_SEAT_CONNECTION (SEATS_ID, WAGONS_ID)
VALUES (334, 'vagon17');
INSERT INTO WAGON_SEAT_CONNECTION (SEATS_ID, WAGONS_ID)
VALUES (335, 'vagon17');
INSERT INTO WAGON_SEAT_CONNECTION (SEATS_ID, WAGONS_ID)
VALUES (336, 'vagon17');
INSERT INTO WAGON_SEAT_CONNECTION (SEATS_ID, WAGONS_ID)
VALUES (337, 'vagon17');
INSERT INTO WAGON_SEAT_CONNECTION (SEATS_ID, WAGONS_ID)
VALUES (338, 'vagon17');
INSERT INTO WAGON_SEAT_CONNECTION (SEATS_ID, WAGONS_ID)
VALUES (339, 'vagon17');
INSERT INTO WAGON_SEAT_CONNECTION (SEATS_ID, WAGONS_ID)
VALUES (340, 'vagon17');

-- --------------------------------------
-- VONATOK ÉS ÚTVONALAK KAPCSOLATA
-- --------------------------------------
INSERT INTO TRAIN_ROUTE_CONNECTION (START, TRAINS_ID, ROUTES_ID)
VALUES ('2016-12-05 17:00:00', 1, 1);
INSERT INTO TRAIN_ROUTE_CONNECTION (START, TRAINS_ID, ROUTES_ID)
VALUES ('2016-12-05 18:39:00', 2, 2);
INSERT INTO TRAIN_ROUTE_CONNECTION (START, TRAINS_ID, ROUTES_ID)
VALUES ('2016-12-05 14:39:00', 3, 3);
INSERT INTO TRAIN_ROUTE_CONNECTION (START, TRAINS_ID, ROUTES_ID)
VALUES ('2016-12-05 16:39:00', 4, 4);
INSERT INTO TRAIN_ROUTE_CONNECTION (START, TRAINS_ID, ROUTES_ID)
VALUES ('2016-12-05 21:39:00', 5, 5);
INSERT INTO TRAIN_ROUTE_CONNECTION (START, TRAINS_ID, ROUTES_ID)
VALUES ('2016-12-05 23:39:00', 6, 6);

-- --------------------------------------
-- JEGYEK
-- --------------------------------------
INSERT INTO TICKETS (PRICE, TYPE, DISTANCE)
VALUES (150, 'Pótjegy', 5);
INSERT INTO TICKETS (PRICE, TYPE, DISTANCE)
VALUES (300, 'Pótjegy', 30);
INSERT INTO TICKETS (PRICE, TYPE, DISTANCE)
VALUES (500, 'Pótjegy', 50);
INSERT INTO TICKETS (PRICE, TYPE, DISTANCE)
VALUES (1000, 'Pótjegy', 100);


INSERT INTO TICKETS (PRICE, TYPE, DISTANCE)
VALUES (150, 'Teljes árú jegy', 5);
INSERT INTO TICKETS (PRICE, TYPE, DISTANCE)
VALUES (200, 'Teljes árú jegy', 10);
INSERT INTO TICKETS (PRICE, TYPE, DISTANCE)
VALUES (250, 'Teljes árú jegy', 15);
INSERT INTO TICKETS (PRICE, TYPE, DISTANCE)
VALUES (300, 'Teljes árú jegy', 20);
INSERT INTO TICKETS (PRICE, TYPE, DISTANCE)
VALUES (350, 'Teljes árú jegy', 25);
INSERT INTO TICKETS (PRICE, TYPE, DISTANCE)
VALUES (400, 'Teljes árú jegy', 30);
INSERT INTO TICKETS (PRICE, TYPE, DISTANCE)
VALUES (430, 'Teljes árú jegy', 35);
INSERT INTO TICKETS (PRICE, TYPE, DISTANCE)
VALUES (470, 'Teljes árú jegy', 40);
INSERT INTO TICKETS (PRICE, TYPE, DISTANCE)
VALUES (500, 'Teljes árú jegy', 45);
INSERT INTO TICKETS (PRICE, TYPE, DISTANCE)
VALUES (530, 'Teljes árú jegy', 50);
INSERT INTO TICKETS (PRICE, TYPE, DISTANCE)
VALUES (560, 'Teljes árú jegy', 55);
INSERT INTO TICKETS (PRICE, TYPE, DISTANCE)
VALUES (600, 'Teljes árú jegy', 60);
INSERT INTO TICKETS (PRICE, TYPE, DISTANCE)
VALUES (630, 'Teljes árú jegy', 65);
INSERT INTO TICKETS (PRICE, TYPE, DISTANCE)
VALUES (660, 'Teljes árú jegy', 70);
INSERT INTO TICKETS (PRICE, TYPE, DISTANCE)
VALUES (700, 'Teljes árú jegy', 75);
INSERT INTO TICKETS (PRICE, TYPE, DISTANCE)
VALUES (730, 'Teljes árú jegy', 80);
INSERT INTO TICKETS (PRICE, TYPE, DISTANCE)
VALUES (760, 'Teljes árú jegy', 85);
INSERT INTO TICKETS (PRICE, TYPE, DISTANCE)
VALUES (800, 'Teljes árú jegy', 90);
INSERT INTO TICKETS (PRICE, TYPE, DISTANCE)
VALUES (830, 'Teljes árú jegy', 95);
INSERT INTO TICKETS (PRICE, TYPE, DISTANCE)
VALUES (850, 'Teljes árú jegy', 100);